timestamp, accX, accY, accZ, gyroX, gyroY, gyroZ, button
2965199, 0.278, -0.158, -0.218, -0.19, 0.064, 0.114, 1
2965219, 0.148, 0.024, -0.221, -0.127, -0.077, 0.078, 1
2965239, -0.217, -0.008, -0.265, -0.07, -0.017, 0.094, 1
2965259, -0.142, -0.06, -0.277, -0.064, 0.117, 0.105, 1
2965279, -0.006, -0.055, -0.259, -0.055, 0.147, 0.079, 1
2965299, 0.08, -0.105, -0.241, -0.06, 0.072, 0.072, 1
2965319, 0.301, -0.167, -0.241, -0.136, -0.107, 0.064, 1
2965339, -0.358, -0.054, -0.068, -0.121, -0.064, 0.055, 1
2965359, -0.318, 0.212, 0.059, 0.001, 0.111, 0.071, 1
2965379, 0.021, -0.148, -0.152, 0.004, 0.226, 0.138, 1
2965399, 0.355, -0.41, -0.336, -0.128, 0.165, 0.14, 1
2965419, 0.151, -0.122, -0.219, -0.274, -0.003, 0.087, 1
2965439, -0.311, 0.314, 0.095, -0.204, -0.081, 0.069, 1
2965459, -0.17, 0.206, 0.184, -0.031, 0.051, 0.098, 1
2965479, 0.081, -0.028, 0.068, 0.035, 0.106, 0.115, 1
2965499, 0.164, -0.083, -0.107, 0.024, 0.07, 0.089, 1
2965519, 0.134, -0.29, -0.528, -0.017, 0.031, 0.062, 1
2965539, 0.121, -0.284, -0.732, -0.153, -0.08, 0.059, 1
2965559, -0.142, -0.088, -0.554, -0.293, -0.048, 0.031, 1
2965579, -0.297, 0.121, -0.243, -0.339, 0.108, 0.004, 1
2965599, 0.071, 0.337, 0.029, -0.273, 0.214, 0.003, 1
2965619, -0.267, 0.294, 0.155, -0.066, 0.15, 0.001, 1
2965639, 0.048, -0.027, -0.135, 0.014, 0.128, 0.058, 1
2965659, 0.072, -0.291, -0.359, -0.064, 0.08, 0.086, 1
2965679, 0.044, -0.105, -0.33, -0.135, 0.048, 0.075, 1
2965699, -0.126, -0.025, -0.33, -0.13, 0.122, 0.065, 1
2965719, -0.281, 0.09, -0.229, -0.036, 0.329, 0.026, 1
2965739, -0.09, -0.052, -0.223, 0.091, 0.604, 0.042, 1
2965759, 0.347, -0.376, -0.373, 0.081, 0.62, 0.065, 1
2965779, 0.163, -0.256, -0.326, -0.094, 0.441, 0.037, 1
2965799, -0.387, 0.216, -0.144, -0.23, 0.365, 0.015, 1
2965819, -1.449, 1.395, 0.169, 0.345, 1.107, -0.017, 1
2965839, -2.816, 2.255, 0.085, 1.439, 2.483, 0.175, 1
2965859, -2.342, 2.017, 0.238, 2.493, 3.754, 0.419, 1
2965879, -0.161, 0.699, -0.208, 2.943, 4.123, 0.417, 1
2965899, 0.5, 0.313, -0.565, 2.941, 4.081, 0.254, 1
2965919, -0.431, 0.202, -0.678, 2.887, 4.325, 0.183, 1
2965939, -0.188, 1.216, -0.475, 2.875, 4.555, 0.165, 1
2965959, -1.717, 2.604, 0.069, 3.315, 5.244, 0.063, 1
2965979, -1.555, 3.599, 0.55, 4.05, 5.98, 0.134, 1
2965999, -0.46, 3.536, 0.515, 4.483, 6.336, 0.196, 1
2966019, 0.681, 3.141, -0.426, 4.272, 6.053, 0.188, 1
2966039, 1.456, 3.038, -1.179, 3.699, 5.346, 0.086, 1
2966059, 2.158, 2.701, -1.028, 2.772, 4.036, -0.03, 1
2966079, 1.714, 2.679, -1.078, 1.786, 2.819, -0.183, 1
2966099, 1.692, 2.968, -0.865, 0.87, 1.477, -0.188, 1
2966119, 0.47, 4.09, -0.26, 0.439, 0.586, -0.202, 1
2966139, -1.238, 4.743, -0.4, 0.513, 0.635, -0.08, 1
2966159, -0.62, 4.486, -0.728, 0.557, 0.62, 0.093, 1
2966179, 0.371, 3.639, -0.793, 0.222, 0.175, 0.088, 1
2966199, 0.152, 3.636, -0.528, -0.108, -0.149, -0.008, 1
2966219, 0.002, 3.767, -0.384, -0.358, -0.399, 0.032, 1
2966239, 0.261, 4.107, 0.0, -0.504, -0.751, 0.048, 1
2966259, -0.15, 4.094, 0.059, -0.589, -0.79, 0.021, 1
2966279, 0.271, 3.987, -0.027, -0.739, -0.815, 0.031, 1
2966299, 1.295, 3.472, 0.189, -1.394, -1.216, -0.139, 1
2966319, 2.262, 3.384, 0.575, -1.886, -2.409, -0.254, 1
2966339, 1.51, 3.847, 0.87, -2.4, -3.393, -0.345, 1
2966359, 0.984, 3.896, 1.019, -2.808, -4.091, -0.361, 1
2966379, 0.396, 3.586, 1.235, -3.272, -4.662, -0.337, 1
2966399, -0.03, 2.839, 1.392, -3.711, -5.089, -0.3, 1
2966419, -0.135, 2.226, 1.864, -3.996, -5.301, -0.283, 1
2966439, -0.316, 1.537, 2.314, -4.092, -5.512, -0.39, 1
2966459, -1.076, 1.152, 2.495, -4.214, -5.659, -0.408, 1
2966479, -0.86, 0.965, 3.244, -4.236, -5.682, -0.295, 1
2966499, -2.329, 1.298, 3.572, -3.891, -5.357, -0.395, 1
2966519, -2.929, 1.499, 2.95, -2.944, -4.149, -0.352, 1
2966539, -2.207, 0.935, 1.363, -1.615, -2.741, -0.117, 1
2966559, -0.372, -0.419, 0.062, -0.604, -1.752, 0.021, 1
2966579, 1.345, -1.261, -0.768, -0.454, -1.615, 0.15, 1
2966599, 1.318, -1.251, -0.632, -0.648, -1.932, -0.083, 1
2966619, -0.189, -0.186, -0.843, -0.711, -2.092, -0.283, 1
2966639, -0.862, 0.197, -1.516, -0.371, -1.51, -0.206, 1
2966659, -0.655, 0.253, -1.795, 0.029, -0.734, 0.048, 1
2966679, 0.413, -0.005, -1.632, 0.302, -0.251, 0.232, 1
2966699, 0.78, -0.308, -1.283, 0.409, -0.252, 0.244, 1
2966719, 0.488, -0.263, -1.248, 0.322, -0.28, 0.259, 1
2966739, 0.35, -0.206, -1.096, 0.161, -0.24, 0.321, 1
2966759, 0.415, -0.04, -0.766, 0.0, -0.204, 0.325, 1
2966779, 0.161, 0.183, -0.301, -0.086, -0.142, 0.29, 1
2966799, 0.236, 0.205, -0.104, -0.124, -0.122, 0.319, 1
2966819, 0.189, 0.273, 0.062, 0.06, -0.155, 0.235, 1
2966839, 0.072, 0.079, -0.046, 0.129, -0.096, 0.224, 1
2966859, 0.077, -0.152, -0.267, 0.119, 0.003, 0.213, 1
2966879, 0.328, -0.204, -0.336, 0.16, -0.028, 0.142, 1
2966899, 0.02, -0.218, -0.487, 0.286, -0.081, 0.119, 1
2966919, -0.137, -0.38, -0.64, 0.304, 0.048, 0.139, 1
2966939, -0.097, -0.508, -0.865, 0.204, 0.149, 0.147, 1
2966959, -0.008, -0.442, -0.874, -0.014, 0.153, 0.143, 1
2966979, -0.155, -0.297, -0.773, -0.274, 0.205, 0.125, 1
2966999, -0.141, 0.025, -0.624, -0.414, 0.251, 0.076, 1
2967019, -0.138, -0.115, -0.262, -0.417, 0.225, 0.022, 1
2967039, -0.197, 0.486, -0.411, -0.32, 0.193, 0.058, 1
2967059, -0.064, 0.328, -0.366, -0.278, 0.15, 0.041, 1
2967079, 0.049, -0.034, -0.133, -0.288, 0.041, 0.054, 1
2967099, 0.057, -0.034, -0.045, -0.201, -0.12, 0.014, 1
2967119, -0.01, -0.082, 0.03, -0.029, -0.21, 0.02, 1
2967139, -0.016, -0.455, -0.037, -0.004, -0.167, 0.077, 1
2967159, 0.064, -0.862, -0.215, -0.134, -0.062, 0.091, 1
2967179, 0.15, -0.968, -0.179, -0.251, 0.012, 0.072, 1
2967199, 0.247, -0.61, 0.05, -0.199, 0.008, 0.04, 1
2967219, -0.041, -0.248, 0.184, -0.001, 0.012, 0.04, 1
2967239, 0.159, -0.343, 0.35, 0.144, -0.031, 0.052, 1
2967259, 0.074, -0.37, 0.185, 0.059, -0.032, 0.084, 1
2967279, -0.072, -0.439, 0.042, -0.215, 0.158, 0.111, 1
2967299, 0.094, 0.041, 0.146, -0.282, 0.186, 0.092, 1
2967319, -0.061, 0.076, 0.357, -0.147, 0.084, 0.084, 1
2967339, -0.139, 0.021, 0.205, -0.064, 0.166, 0.131, 1
2967359, 0.107, -0.2, -0.004, -0.122, 0.225, 0.154, 1
2967379, 0.018, -0.225, -0.284, -0.326, 0.168, 0.13, 1
2967399, -0.09, -0.105, -0.37, -0.516, 0.139, 0.128, 1
2967419, 0.032, 0.174, -0.028, -0.405, 0.0, 0.091, 1
2967439, -0.195, 0.156, -0.102, -0.162, -0.099, 0.074, 1
2967459, -0.298, -0.207, -0.391, 0.04, 0.009, 0.075, 1
2967479, 0.181, -0.444, -0.519, 0.001, 0.139, 0.07, 1
2967499, 0.316, -0.419, -0.263, -0.108, 0.036, 0.029, 1
2967519, 0.006, -0.062, -0.129, -0.153, -0.073, 0.006, 1
2967539, -0.169, -0.05, -0.071, -0.063, -0.047, 0.035, 1
2967559, 0.063, -0.207, -0.216, -0.045, 0.044, 0.08, 1
2967579, 0.074, -0.048, -0.117, -0.039, 0.021, 0.057, 1
2967599, -0.048, -0.029, -0.007, 0.012, 0.023, 0.043, 1
2967619, 0.007, -0.046, 0.033, -0.003, 0.075, 0.058, 1
2967639, 0.02, -0.021, -0.003, -0.057, 0.048, 0.056, 1
2967659, 0.008, 0.024, 0.116, -0.007, -0.062, 0.054, 1
2967679, -0.071, -0.081, -0.182, -0.032, -0.037, 0.081, 1
2967699, 0.068, -0.182, -0.257, -0.101, 0.018, 0.076, 1
2967719, 0.219, 0.115, 0.005, -0.13, 0.006, 0.045, 1
2967739, -0.066, 0.059, 0.016, -0.02, -0.075, 0.041, 1
2967759, 0.035, -0.009, -0.198, 0.011, -0.028, 0.054, 1
2967779, 0.088, 0.006, -0.183, 0.01, -0.069, 0.043, 1
2967799, -0.032, -0.105, -0.248, -0.023, -0.079, 0.059, 1
2967819, -0.122, -0.191, -0.333, -0.108, 0.04, 0.102, 1
2967839, -0.015, -0.078, -0.342, -0.177, 0.167, 0.085, 1
2967859, 0.32, 0.367, 0.185, 0.008, 0.012, -0.004, 1
2967879, -0.104, 0.24, 0.116, 0.067, -0.058, 0.097, 1
2967899, -0.241, -0.206, -0.803, -0.153, 0.263, 0.214, 1
2967919, 0.643, 0.621, -1.076, -0.175, 0.396, 0.047, 1
2967939, 0.714, 1.496, -0.633, 0.041, 0.368, -0.175, 1
2967959, 2.33, 4.356, -1.688, 0.455, 0.334, -0.309, 0
2967979, 1.144, 1.709, -2.87, 0.227, 0.078, -0.331, 0
2967999, 1.285, 0.858, -3.415, -0.384, -0.104, -0.387, 0
2968019, 0.255, 1.254, -2.964, -0.752, -0.016, -0.512, 0
2968039, 0.385, 3.681, -1.82, -0.491, 0.166, -0.616, 0
2968059, 0.232, 3.984, -1.776, -0.275, 0.44, -0.593, 0
2968079, -0.604, 3.822, -1.944, -0.389, 0.618, -0.569, 0
2968099, 0.486, 2.401, -3.454, -1.308, 0.084, -0.459, 0
2968119, -0.15, 3.957, -2.042, -2.039, -0.67, -0.41, 0
2968139, -2.333, 5.386, -0.082, -1.61, -0.54, -0.058, 0
2968159, -2.734, 4.404, 0.893, -0.613, 0.004, 0.378, 0
2968179, -2.074, 2.595, 1.16, 0.274, 0.756, 0.615, 0
2968199, 2.002, -1.77, -0.477, -0.268, 0.03, 0.625, 0
2968219, 1.833, -3.161, 0.118, -1.455, -1.459, 0.476, 0
2968239, -1.703, -1.332, 2.041, -1.232, -1.377, 0.367, 0
2968259, -3.118, -0.929, 3.151, 0.291, -0.015, 0.786, 0
2968279, 1.0, -6.256, 0.897, 0.474, 0.379, 0.835, 0
2968299, 1.444, -6.865, 0.427, -0.215, -0.795, 0.485, 0
2968319, -1.972, -4.925, 0.473, -0.654, -1.508, 0.248, 0
2968339, -3.234, -4.451, 0.48, -0.161, -0.782, 0.409, 0
2968359, -0.595, -5.888, -0.091, 0.422, 0.141, 0.824, 0
2968379, 1.407, -7.113, -1.042, 0.414, 0.149, 0.797, 0
2968399, 1.062, -6.235, -0.902, 0.04, -0.063, 0.419, 0
2968419, -0.073, -4.624, -0.129, -0.138, -0.086, 0.207, 0
2968439, -0.246, -3.393, 1.201, -0.081, 0.111, 0.271, 0
2968459, -0.021, -3.351, 0.962, 0.007, 0.259, 0.254, 0
2968479, -0.243, -2.881, 0.615, -0.061, 0.084, 0.182, 0
2968499, -0.724, -2.454, 0.693, -0.113, -0.099, 0.107, 0
2968519, -0.634, -2.305, 0.388, -0.029, -0.064, 0.061, 0
2968539, -0.061, -1.885, 0.122, 0.036, 0.029, 0.069, 0
2968559, 0.091, -1.92, -0.781, 0.117, 0.007, 0.052, 0
2968579, -0.394, -1.836, -0.873, -0.012, 0.062, 0.036, 0
2968599, -0.272, -1.853, -0.145, -0.09, 0.227, 0.053, 0
2968619, 0.36, -2.722, 0.351, -0.177, 0.349, 0.15, 0
2968639, 0.49, -2.646, 0.048, -0.464, 0.389, 0.26, 1
2968659, -0.274, -1.621, -0.446, -0.454, 0.239, 0.385, 1
2968679, -0.232, -2.344, -1.064, -0.39, 0.1, 0.596, 1
2968699, 0.019, -3.471, -1.189, -0.196, -0.011, 0.59, 1
2968719, -0.135, -4.682, -1.498, -0.098, -0.119, 0.474, 1
2968739, -1.088, -3.834, -0.65, -0.091, 0.021, -0.051, 1
2968759, -0.957, -2.851, 0.093, 0.179, 0.444, 0.046, 1
2968779, 0.609, -2.828, 0.301, 0.276, 0.025, 0.051, 1
2968799, 0.352, -2.112, 0.392, 0.364, -0.59, -0.106, 1
2968819, -1.11, -1.331, 0.287, 0.433, -0.59, -0.132, 1
2968839, -1.207, -1.434, 0.242, 0.231, -0.157, -0.214, 1
2968859, 1.02, -1.305, 0.653, -0.165, -0.211, -0.489, 1
2968879, 0.659, -0.667, 0.978, -0.367, -0.318, -0.8, 1
2968899, -1.206, 0.659, 0.768, -0.083, -0.059, -0.898, 1
2968919, -1.651, 1.041, 0.18, 0.2, 0.25, -0.676, 1
2968939, -0.853, 0.683, -0.398, 0.108, 0.334, -0.497, 1
2968959, 0.204, 1.038, -0.538, -0.068, 0.138, -0.455, 1
2968979, -0.182, 0.707, -0.889, -0.029, -0.044, -0.494, 1
2968999, -1.718, 2.129, -0.941, 0.139, 0.434, -0.551, 1
2969019, -1.782, 2.789, -0.706, 0.224, 0.937, -0.405, 1
2969039, -1.361, 2.014, -0.697, 0.109, 0.828, -0.254, 1
2969059, -0.677, 1.793, -0.512, -0.045, 0.597, -0.033, 1
2969079, -0.679, 1.914, -0.139, -0.052, 0.478, 0.042, 1
2969099, -0.476, 1.897, 0.063, 0.096, 0.546, 0.056, 1
2969119, 0.113, 1.289, 0.02, 0.25, 0.487, 0.004, 1
2969139, -0.291, 1.281, -0.167, 0.363, 0.497, -0.062, 1
2969159, -0.458, 1.518, -0.247, 0.357, 0.519, -0.034, 1
2969179, -0.062, 1.424, -0.404, 0.318, 0.355, 0.034, 1
2969199, 0.095, 0.984, -0.871, 0.252, 0.15, 0.084, 1
2969219, -0.027, 1.043, -0.881, 0.136, 0.277, 0.1, 1
2969239, 0.024, 1.201, -0.559, 0.006, 0.532, 0.052, 1
2969259, 0.286, 1.034, 0.444, -0.083, 0.428, 0.074, 1
2969279, 0.37, 0.487, 0.49, -0.099, 0.216, 0.128, 1
2969299, -0.054, 0.071, 0.124, -0.117, -0.021, 0.161, 1
2969319, -0.388, -0.331, -0.396, -0.064, -0.113, 0.166, 1
2969339, -0.429, -0.778, -0.823, 0.003, -0.039, 0.197, 1
2969359, 0.04, -1.216, -1.001, -0.063, -0.067, 0.165, 1
2969379, -0.18, -1.224, -0.921, -0.154, -0.134, 0.138, 1
2969399, -0.096, -1.361, -0.833, -0.116, -0.117, 0.117, 1
2969419, 0.188, -1.604, -0.699, -0.108, -0.122, 0.076, 1
2969439, 0.339, -1.826, -0.548, -0.2, -0.075, 0.099, 1
2969459, 0.353, -1.712, -0.42, -0.27, -0.038, 0.034, 1
2969479, 0.446, -1.597, -0.196, -0.299, -0.023, -0.035, 1
2969499, 0.266, -1.11, 0.039, -0.241, -0.071, -0.119, 1
2969519, -0.071, -0.855, 0.073, -0.136, -0.039, -0.127, 1
2969539, 0.071, -0.853, 0.024, -0.081, 0.037, -0.056, 1
2969559, 0.217, -0.938, 0.042, -0.119, 0.016, -0.046, 1
2969579, -0.041, -0.85, 0.046, -0.151, -0.057, -0.023, 1
2969599, -0.146, -0.645, 0.17, -0.143, -0.075, -0.022, 1
2969619, -0.1, -0.527, 0.126, -0.033, -0.061, -0.06, 1
2969639, -0.371, -0.453, 0.035, 0.073, 0.021, -0.078, 1
2969659, -0.01, -0.343, 0.207, 0.182, 0.126, -0.097, 1
2969679, 0.14, -0.038, 0.272, 0.208, 0.075, -0.095, 1
2969699, 0.07, 0.254, -0.605, 0.225, -0.062, -0.056, 1
2969719, -0.459, 1.308, -1.455, -0.014, 0.086, -0.034, 1
2969739, 0.205, 2.303, -1.547, 0.006, 0.118, -0.185, 0
2969759, 0.353, 2.634, -2.23, 0.081, -0.149, -0.277, 0
2969779, -0.211, 2.535, -2.752, -0.061, -0.211, -0.369, 0
2969799, -0.699, 2.055, -2.883, -0.607, 0.089, -0.53, 0
2969819, -0.55, 3.123, -0.784, -0.883, 0.252, -0.576, 0
2969839, -0.757, 4.666, 0.82, -0.616, 0.29, -0.401, 0
2969859, -0.25, 4.921, 0.709, -0.119, 0.148, -0.164, 0
2969879, 0.909, 2.152, -0.735, -0.299, -0.483, 0.001, 0
2969899, -0.229, 1.531, -0.949, -0.577, -0.792, 0.133, 0
2969919, -0.705, 1.781, -1.059, -0.386, -0.535, 0.329, 0
2969939, 0.298, 0.286, -1.822, -0.161, -0.288, 0.467, 0
2969959, 1.56, -1.791, -2.544, -0.193, -0.2, 0.44, 0
2969979, 0.563, -2.087, -2.563, -0.237, 0.143, 0.277, 0
2969999, -0.21, -2.022, -1.7, -0.274, 0.583, 0.167, 0
2970019, -0.129, -2.306, -0.326, -0.422, 0.329, 0.183, 0
2970039, -0.381, -2.543, 0.872, -0.263, 0.11, 0.391, 0
2970059, 1.113, -4.501, 0.431, -0.092, 0.128, 0.389, 0
2970079, 1.661, -5.294, -0.274, -0.417, -0.17, 0.1, 0
2970099, -0.457, -3.19, 1.054, -0.529, -0.266, 0.003, 0
2970119, -2.456, -1.012, 2.432, -0.238, 0.092, 0.171, 0
2970139, -2.519, -1.296, 2.368, 0.127, 0.116, 0.473, 0
2970159, -0.769, -3.06, 1.091, -0.226, -0.874, 0.669, 0
2970179, -2.116, -2.989, 0.979, -0.386, -1.153, 0.687, 0
2970199, -3.061, -3.28, 0.748, -0.176, -0.428, 0.798, 0
2970219, -1.582, -3.622, 0.943, 0.136, 0.318, 0.802, 0
2970239, 0.677, -5.115, 0.413, 0.252, 0.136, 0.865, 0
2970259, 0.732, -4.945, -0.085, 0.073, -0.21, 0.764, 0
2970279, -0.05, -4.076, 0.314, -0.046, -0.149, 0.478, 0
2970299, 0.085, -3.636, 0.328, 0.022, 0.111, 0.423, 0
2970319, 0.781, -3.504, 0.191, 0.11, 0.233, 0.428, 0
2970339, 1.728, -3.7, -0.002, 0.08, 0.0, 0.26, 0
2970359, 0.618, -2.956, -0.319, -0.094, -0.312, 0.002, 0
2970379, -0.735, -1.964, -0.23, -0.155, -0.292, -0.087, 0
2970399, -0.399, -1.584, 0.0, -0.047, -0.013, -0.078, 0
2970419, -0.041, -1.364, -0.039, 0.028, 0.136, -0.125, 0
2970439, -0.276, -1.66, -0.184, 0.01, 0.069, -0.133, 0
2970459, -0.011, -1.448, -0.143, -0.116, -0.04, -0.087, 0
2970479, -0.219, -1.795, -0.455, -0.205, -0.031, -0.122, 0
2970499, -0.344, -2.518, -0.8, -0.318, 0.148, -0.058, 0
2970519, -0.187, -2.83, -0.641, -0.588, 0.424, 0.076, 1
2970539, 0.51, -2.43, -0.401, -0.818, 0.645, 0.232, 1
2970559, 1.385, -1.994, -0.762, -0.835, 0.404, 0.409, 1
2970579, 0.264, -2.548, -1.054, -0.656, -0.162, 0.286, 1
2970599, -1.889, -2.414, -0.942, -0.541, -0.475, 0.229, 1
2970619, -3.02, -2.219, -0.711, -0.254, 0.018, 0.195, 1
2970639, -0.278, -2.053, -0.016, -0.007, 0.755, 0.072, 1
2970659, 1.837, -2.544, 0.21, 0.051, 0.595, -0.062, 1
2970679, 1.574, -2.161, 0.115, -0.032, -0.277, -0.276, 1
2970699, -1.828, -1.144, 0.081, 0.08, -0.717, -0.431, 1
2970719, -2.731, -0.467, -0.085, 0.24, -0.058, -0.146, 1
2970739, -0.865, -1.018, 0.434, -0.003, 0.232, -0.229, 1
2970759, 1.344, -0.667, 1.142, -0.362, 0.08, -0.447, 1
2970779, 0.956, 0.102, 1.441, -0.379, -0.199, -0.643, 1
2970799, -0.767, 0.8, 1.036, -0.108, -0.2, -0.665, 1
2970819, -1.973, 0.721, 0.578, 0.001, 0.131, -0.581, 1
2970839, -1.612, 0.564, 0.499, -0.098, 0.348, -0.487, 1
2970859, -0.3, 0.111, 0.294, -0.045, 0.156, -0.332, 1
2970879, 0.523, 1.527, 0.328, 0.129, 0.039, -0.419, 1
2970899, -0.866, 2.211, 0.137, 0.445, 0.394, -0.417, 1
2970919, -1.253, 1.637, -0.564, 0.623, 0.685, -0.304, 1
2970939, -1.424, 1.701, -0.899, 0.5, 0.846, -0.166, 1
2970959, -0.972, 1.414, -0.52, 0.268, 0.773, 0.052, 1
2970979, 0.498, 0.943, 0.07, 0.177, 0.395, 0.133, 1
2970999, 0.57, 0.987, 0.337, 0.253, 0.364, 0.014, 1
2971019, 0.152, 1.253, -0.006, 0.419, 0.564, -0.108, 1
2971039, -0.107, 1.385, -0.402, 0.45, 0.713, -0.091, 1
2971059, -0.418, 1.499, -0.622, 0.282, 0.757, -0.037, 1
2971079, -0.233, 1.664, -0.409, 0.145, 0.574, 0.026, 1
2971099, -0.215, 1.901, -0.314, 0.141, 0.313, 0.08, 1
2971119, -0.407, 1.535, -0.555, 0.149, 0.202, 0.122, 1
2971139, -0.296, 0.937, -0.931, 0.089, 0.166, 0.111, 1
2971159, -0.336, 0.502, -1.094, 0.003, 0.148, 0.146, 1
2971179, -0.183, 0.23, -1.166, -0.073, 0.097, 0.18, 1
2971199, 0.058, -0.124, -0.802, -0.213, -0.026, 0.177, 1
2971219, 0.285, -0.644, -0.718, -0.172, -0.137, 0.122, 1
2971239, 0.128, -1.111, -0.894, -0.063, -0.133, 0.103, 1
2971259, 0.441, -1.405, -0.785, -0.11, -0.023, 0.065, 1
2971279, 0.559, -1.415, -0.657, -0.186, -0.064, -0.023, 1
2971299, 0.084, -1.15, -0.582, -0.193, -0.107, -0.08, 1
2971319, 0.018, -0.951, -0.448, -0.174, -0.073, -0.091, 1
2971339, -0.181, -0.829, -0.187, -0.153, -0.023, -0.066, 1
2971359, -0.039, -0.815, -0.027, -0.124, 0.004, -0.045, 1
2971379, -0.181, -0.818, -0.072, -0.109, 0.015, -0.003, 1
2971399, -0.2, -0.801, -0.008, -0.112, -0.005, 0.023, 1
2971419, -0.037, -0.814, 0.17, -0.128, -0.018, 0.033, 1
2971439, -0.097, -0.555, 0.351, -0.083, -0.056, -0.001, 1
2971459, -0.253, -0.533, 0.074, 0.041, -0.043, 0.053, 1
2971479, -0.185, -0.629, -0.283, 0.023, -0.007, 0.059, 1
2971499, -0.159, -0.337, 0.141, -0.024, 0.014, 0.004, 1
2971519, 0.087, 0.043, 0.569, 0.166, 0.011, -0.11, 1
2971539, -0.194, 0.117, 0.298, 0.514, -0.135, -0.079, 1
2971559, -0.039, -0.19, -0.378, 0.507, -0.034, 0.083, 1
2971579, 0.303, 0.221, -0.681, 0.178, 0.048, 0.105, 1
2971599, 0.073, 1.28, -0.354, 0.056, -0.029, -0.02, 0
2971619, -0.109, 2.051, -1.263, 0.237, -0.004, -0.028, 0
2971639, 0.428, 2.025, -2.34, 0.37, -0.046, 0.009, 0
2971659, 0.013, 1.071, -3.867, 0.175, -0.201, -0.241, 0
2971679, 0.184, 1.257, -3.477, -0.733, 0.265, -0.414, 0
2971699, -0.066, 2.921, -1.66, -1.053, 0.472, -0.385, 0
2971719, -0.122, 4.258, -0.518, -1.003, 0.417, -0.279, 0
2971739, 0.353, 4.331, 0.595, -0.999, -0.146, -0.09, 0
2971759, -0.279, 3.818, 1.42, -0.894, -0.687, 0.175, 0
2971779, -1.316, 3.411, 1.01, -0.648, -0.701, 0.386, 0
2971799, -1.051, 2.584, 0.127, -0.401, -0.524, 0.521, 0
2971819, -0.156, 1.055, -0.709, -0.301, -0.517, 0.551, 0
2971839, -0.101, -0.319, -1.779, -0.095, -0.306, 0.502, 0
2971859, -0.396, -1.392, -2.039, 0.103, 0.068, 0.456, 0
2971879, 0.875, -3.238, -2.369, -0.265, -0.073, 0.546, 0
2971899, 0.462, -3.406, -2.137, -0.971, -0.544, 0.51, 0
2971919, -1.362, -1.675, -0.175, -0.796, -0.474, 0.597, 0
2971939, -1.289, -1.503, 1.157, -0.19, -0.011, 0.715, 0
2971959, 0.246, -3.334, 0.769, 0.067, 0.378, 0.7, 0
2971979, 2.904, -5.973, -0.544, -0.724, -0.273, 0.458, 0
2971999, 1.239, -4.534, -0.522, -1.066, -0.741, 0.138, 0
2972019, -0.989, -2.997, 0.151, -0.513, -0.543, 0.166, 0
2972039, -1.552, -2.697, 0.898, 0.011, 0.111, 0.352, 0
2972059, -0.293, -3.753, 0.464, 0.056, 0.357, 0.34, 0
2972079, 0.604, -4.649, 0.425, -0.468, -0.226, 0.279, 0
2972099, -0.134, -3.122, 1.602, -0.442, -0.722, 0.274, 0
2972119, -1.339, -2.778, 1.707, -0.071, -0.533, 0.373, 0
2972139, -1.335, -2.747, 1.01, 0.28, -0.107, 0.433, 0
2972159, -1.437, -3.562, -0.036, 0.209, 0.248, 0.509, 0
2972179, 0.564, -4.127, 0.814, -0.133, -0.312, 0.474, 0
2972199, 1.134, -2.109, 0.341, -0.127, -0.464, 0.2, 0
2972219, -0.284, -2.77, -0.001, 0.081, -0.185, 0.119, 0
2972239, -0.516, -2.477, -0.709, 0.095, 0.188, 0.203, 0
2972259, 0.842, -2.676, -0.314, 0.05, 0.285, 0.234, 0
2972279, 1.383, -2.569, 0.138, -0.101, 0.0, 0.064, 0
2972299, 0.495, -2.135, 0.239, -0.169, -0.158, -0.064, 0
2972319, -0.132, -1.689, 0.174, -0.12, 0.035, -0.094, 0
2972339, 0.374, -1.481, 0.223, -0.068, 0.211, -0.098, 0
2972359, 0.328, -1.565, -0.197, -0.113, 0.058, -0.124, 0
2972379, -0.228, -1.863, -0.596, -0.263, -0.053, -0.021, 0
2972399, 0.249, -2.411, -0.846, -0.554, 0.213, 0.226, 1
2972419, 0.904, -2.577, -1.37, -0.851, 0.503, 0.519, 1
2972439, 0.927, -2.238, -1.878, -0.943, 0.449, 0.637, 1
2972459, 0.389, -3.025, -1.162, -0.788, 0.222, 0.403, 1
2972479, -0.538, -3.343, -0.833, -0.628, 0.081, 0.182, 1
2972499, -0.692, -3.11, -0.502, -0.386, 0.234, -0.104, 1
2972519, -0.251, -2.068, -0.122, -0.1, 0.368, -0.337, 1
2972539, -0.569, -1.892, 0.055, 0.141, 0.387, -0.279, 1
2972559, -0.673, -1.734, 0.069, 0.208, 0.232, -0.291, 1
2972579, -0.481, -1.611, 0.567, 0.177, -0.012, -0.32, 1
2972599, -0.472, -1.425, 0.714, 0.161, -0.117, -0.465, 1
2972619, -0.796, -0.724, 0.934, 0.194, 0.188, -0.619, 1
2972639, 0.129, 0.024, 1.16, 0.262, 0.506, -0.656, 1
2972659, 0.741, -0.014, 1.13, 0.098, 0.053, -0.744, 1
2972679, -0.012, -0.011, 0.913, -0.086, -0.248, -0.864, 1
2972699, -1.449, 1.199, 0.97, -0.088, -0.113, -0.891, 1
2972719, -2.229, 2.587, 1.0, 0.261, 0.195, -0.711, 1
2972739, -1.082, 1.918, 0.573, 0.591, 0.059, -0.454, 1
2972759, -0.81, 1.543, -0.046, 0.618, -0.075, -0.292, 1
2972779, -1.306, 1.119, -0.787, 0.368, 0.155, -0.346, 1
2972799, -1.526, 0.664, -0.868, 0.072, 0.454, -0.309, 1
2972819, -1.213, 1.359, -0.072, 0.031, 0.569, -0.27, 1
2972839, -0.191, 1.304, 0.222, 0.204, 0.341, -0.239, 1
2972859, 0.05, 1.112, 0.099, 0.354, 0.195, -0.264, 1
2972879, -0.46, 1.062, -0.23, 0.359, 0.383, -0.332, 1
2972899, -0.978, 1.109, -0.347, 0.337, 0.625, -0.296, 1
2972919, -0.779, 1.824, -0.271, 0.447, 0.648, -0.175, 1
2972939, -0.215, 1.963, -0.29, 0.511, 0.377, -0.05, 1
2972959, -0.229, 1.813, -0.664, 0.53, 0.146, 0.021, 1
2972979, -0.394, 1.323, -1.358, 0.456, 0.117, 0.056, 1
2972999, -0.408, 1.216, -1.671, 0.298, 0.172, 0.034, 1
2973019, -0.658, 1.097, -1.477, 0.141, 0.276, 0.092, 1
2973039, -0.268, 0.671, -1.185, 0.036, 0.226, 0.164, 1
2973059, -0.084, 0.251, -1.029, -0.058, 0.171, 0.216, 1
2973079, 0.092, -0.127, -1.028, -0.147, 0.129, 0.24, 1
2973099, 0.117, -0.18, -0.796, -0.163, 0.142, 0.153, 1
2973119, 0.028, -0.191, -0.669, -0.138, 0.182, 0.169, 1
2973139, 0.195, -0.329, -0.685, -0.161, 0.131, 0.188, 1
2973159, 0.338, -0.335, -0.468, -0.121, 0.071, 0.166, 1
2973179, 0.155, -0.325, -0.442, -0.069, 0.043, 0.164, 1
2973199, 0.276, -0.614, -0.486, -0.133, 0.06, 0.155, 1
2973219, 0.309, -0.737, -0.431, -0.236, 0.012, 0.112, 1
2973239, 0.191, -0.563, -0.229, -0.27, 0.0, 0.085, 1
2973259, 0.153, -0.577, -0.153, -0.18, 0.014, 0.062, 1
2973279, 0.203, -0.574, -0.109, -0.13, 0.028, 0.036, 1
2973299, 0.156, -0.586, -0.024, -0.113, -0.004, 0.025, 1
2973319, -0.011, -0.61, -0.003, -0.127, -0.022, 0.002, 1
2973339, -0.089, -0.467, 0.019, -0.109, -0.02, -0.025, 1
2973359, -0.144, -0.225, 0.142, -0.093, 0.016, -0.014, 1
2973379, 0.02, -0.125, 0.282, -0.037, 0.007, -0.003, 1
2973399, -0.064, 0.046, 0.33, 0.02, -0.072, -0.027, 1
2973419, -0.082, -0.032, 0.135, 0.07, -0.091, 0.0, 1
2973439, -0.037, 0.062, 0.174, 0.094, -0.101, -0.047, 1
2973459, -0.266, 0.288, 0.286, 0.282, -0.16, -0.167, 1
2973479, -0.663, 0.344, -0.162, 0.407, -0.071, -0.183, 1
2973499, 0.658, 0.718, -0.162, 0.472, 0.029, -0.166, 1
2973519, 0.403, 0.826, -0.392, 0.535, -0.064, -0.104, 0
2973539, -0.005, 0.761, -1.733, 0.513, 0.02, -0.141, 0
2973559, -0.209, 1.748, -1.747, 0.302, 0.233, -0.197, 0
2973579, -0.248, 3.375, -1.238, 0.125, 0.136, -0.243, 0
2973599, -1.138, 4.134, -1.592, 0.232, -0.148, -0.266, 0
2973619, -1.244, 3.616, -1.962, 0.19, -0.215, -0.116, 0
2973639, -1.105, 3.03, -2.4, -0.595, -0.241, 0.15, 0
2973659, -0.459, 3.033, -2.735, -0.93, -0.296, 0.244, 0
2973679, -0.101, 3.285, -2.556, -0.871, -0.383, 0.371, 0
2973699, -1.118, 3.138, -2.594, -0.401, 0.172, 0.486, 0
2973719, 0.455, 0.069, -3.743, -0.444, 0.479, 0.611, 0
2973739, 3.119, -2.85, -4.011, -1.505, -0.427, 0.535, 0
2973759, 1.245, -1.519, -2.013, -1.877, -0.905, 0.378, 0
2973779, -0.783, -0.025, -0.19, -1.387, -0.325, 0.324, 0
2973799, -1.203, -0.008, 1.392, -0.722, 0.364, 0.392, 0
2973819, 0.736, -2.721, 0.477, -0.904, 0.116, 0.411, 0
2973839, 1.189, -3.4, 0.536, -1.237, -0.626, 0.33, 0
2973859, -0.485, -2.72, 0.207, -0.873, -0.546, 0.248, 0
2973879, -1.933, -2.37, 0.501, -0.102, 0.164, 0.357, 0
2973899, -1.761, -2.937, 0.294, 0.288, 0.855, 0.412, 0
2973919, -0.624, -4.258, -0.075, -0.05, 0.847, 0.378, 0
2973939, -0.861, -4.577, 0.092, -0.546, 0.205, 0.682, 0
2973959, -0.338, -3.875, 1.475, -0.31, -0.284, 0.717, 0
2973979, -0.314, -4.26, 1.448, 0.26, -0.034, 0.731, 0
2973999, 1.133, -5.919, 0.146, 0.318, 0.158, 0.595, 0
2974019, 2.53, -5.946, -0.018, 0.004, -0.236, 0.188, 0
2974039, 1.782, -5.461, -0.189, -0.356, -0.725, 0.099, 0
2974059, 0.756, -3.979, 0.316, -0.383, -0.741, -0.075, 0
2974079, -0.388, -2.904, 0.95, -0.161, -0.416, -0.064, 0
2974099, -0.607, -2.609, 1.013, 0.007, -0.164, 0.039, 0
2974119, -0.433, -2.701, 0.847, -0.026, -0.096, 0.113, 0
2974139, 0.06, -1.818, 1.378, -0.009, -0.174, 0.098, 0
2974159, -0.16, -1.745, 1.275, 0.12, -0.252, -0.002, 0
2974179, -0.707, -1.563, 0.565, 0.163, -0.252, -0.012, 0
2974199, -0.786, -2.031, -0.246, 0.137, -0.2, 0.039, 0
2974219, -0.846, -1.793, -0.032, -0.05, -0.081, 0.094, 0
2974239, -0.349, -1.748, 0.44, -0.123, 0.127, 0.125, 0
2974259, 0.314, -1.801, 0.38, -0.17, 0.174, 0.119, 0
2974279, 0.147, -2.426, -0.081, -0.34, 0.119, 0.127, 0
2974299, -0.045, -2.575, -0.629, -0.734, 0.266, 0.39, 1
2974319, 0.33, -2.866, -0.967, -0.923, 0.403, 0.577, 1
2974339, -0.17, -2.311, -0.766, -0.977, 0.392, 0.592, 1
2974359, -0.162, -2.616, -0.465, -0.699, 0.389, 0.499, 1
2974379, 0.001, -3.23, -0.653, -0.409, 0.533, 0.359, 1
2974399, 0.77, -3.578, -0.789, -0.34, 0.658, -0.068, 1
2974419, 0.361, -3.264, -0.648, -0.48, 0.48, -0.413, 1
2974439, -1.129, -2.437, -0.292, -0.516, 0.32, -0.53, 1
2974459, -1.681, -1.817, 0.291, -0.327, 0.419, -0.393, 1
2974479, -0.669, -1.437, 1.321, -0.003, 0.676, -0.266, 1
2974499, 1.128, -1.347, 1.523, 0.167, 0.627, -0.298, 1
2974519, 1.55, -1.979, 1.221, 0.142, 0.137, -0.527, 1
2974539, 0.089, -1.317, 1.238, -0.062, -0.186, -0.864, 1
2974559, -1.307, 0.223, 1.347, -0.14, -0.048, -0.954, 1
2974579, -1.369, 1.392, 1.523, 0.284, 0.222, -0.875, 1
2974599, -0.211, 0.406, 1.104, 0.605, 0.296, -0.678, 1
2974619, 0.528, 0.294, 0.479, 0.386, -0.062, -0.69, 1
2974639, -0.31, 0.061, -0.051, 0.13, -0.146, -0.85, 1
2974659, -1.755, 1.162, 0.04, 0.131, 0.161, -0.849, 1
2974679, -2.412, 3.444, 0.299, 0.557, 0.517, -0.623, 1
2974699, -2.368, 3.941, -0.437, 1.014, 0.557, -0.293, 1
2974719, -1.541, 2.889, -1.782, 1.012, 0.212, 0.004, 1
2974739, -0.273, 1.483, -2.99, 0.576, -0.248, 0.193, 1
2974759, 0.016, 0.596, -3.166, -0.01, -0.43, 0.13, 1
2974779, -0.529, 0.234, -2.482, -0.378, -0.041, 0.046, 1
2974799, -0.437, 0.57, -1.276, -0.25, 0.415, -0.007, 1
2974819, -0.305, 0.851, -0.129, 0.081, 0.637, 0.017, 1
2974839, 0.302, 0.519, 0.111, 0.273, 0.463, 0.033, 1
2974859, 0.294, 0.266, -0.23, 0.267, 0.237, -0.05, 1
2974879, -0.399, 0.676, -0.397, 0.188, 0.179, -0.102, 1
2974899, -0.994, 0.991, -0.328, 0.138, 0.224, -0.021, 1
2974919, -0.539, 1.263, -0.142, 0.192, 0.092, 0.067, 1
2974939, -0.273, 0.887, -0.31, 0.276, -0.155, 0.133, 1
2974959, -0.703, 0.609, -0.608, 0.31, -0.091, 0.186, 1
2974979, -0.477, 0.185, -0.83, 0.244, 0.062, 0.221, 1
2974999, -0.093, -0.074, -0.712, 0.08, 0.107, 0.182, 1
2975019, 0.074, 0.008, -0.456, 0.017, 0.042, 0.181, 1
2975039, 0.154, 0.148, -0.142, 0.078, -0.032, 0.204, 1
2975059, 0.088, 0.155, -0.052, 0.182, -0.012, 0.233, 1
2975079, 0.13, -0.165, -0.322, 0.204, 0.004, 0.251, 1
2975099, 0.328, -0.436, -0.545, 0.058, -0.079, 0.221, 1
2975119, 0.085, -0.615, -0.735, -0.046, -0.043, 0.216, 1
2975139, 0.041, -0.84, -0.879, -0.084, 0.011, 0.203, 1
2975159, -0.011, -0.696, -0.718, -0.146, 0.033, 0.218, 1
2975179, 0.086, -0.649, -0.396, -0.15, 0.073, 0.211, 1
2975199, 0.36, -0.639, -0.15, -0.136, 0.109, 0.205, 1
2975219, 0.388, -0.582, -0.03, -0.134, 0.036, 0.189, 1
2975239, 0.163, -0.506, -0.032, -0.08, -0.015, 0.163, 1
2975259, 0.126, -0.53, -0.102, -0.049, -0.029, 0.129, 1
2975279, 0.046, -0.311, 0.054, 0.008, -0.036, 0.068, 1
2975299, -0.26, -0.299, 0.015, 0.158, -0.045, -0.011, 1
2975319, -0.211, 0.019, 0.013, 0.147, 0.1, 0.042, 1
2975339, 0.015, 0.354, 0.299, 0.389, 0.131, -0.025, 0
2975359, -0.193, 0.514, 0.311, 0.662, 0.043, -0.127, 0
2975379, 0.227, 0.309, -0.428, 0.62, 0.112, -0.049, 0
2975399, 0.137, 0.772, -1.084, 0.42, -0.003, -0.056, 0
2975419, -0.4, 1.999, -1.837, 0.256, -0.175, -0.128, 0
2975439, -1.114, 2.634, -2.128, 0.107, -0.175, -0.084, 0
2975459, -0.958, 3.087, -1.916, -0.209, -0.002, -0.061, 0
2975479, -0.65, 3.728, -1.266, -0.587, -0.034, -0.078, 0
2975499, -1.107, 4.001, -0.956, -0.79, -0.261, 0.014, 0
2975519, -0.884, 3.06, -1.019, -0.853, -0.47, 0.172, 0
2975539, -0.606, 2.147, -1.39, -0.927, -0.597, 0.262, 0
2975559, -0.019, 1.126, -2.02, -0.966, -0.5, 0.307, 0
2975579, 0.449, -0.085, -2.683, -0.976, -0.477, 0.375, 0
2975599, 0.116, -1.016, -2.863, -0.681, -0.086, 0.357, 0
2975619, -0.209, -1.577, -3.007, -0.634, 0.12, 0.353, 0
2975639, 0.987, -2.599, -2.788, -1.205, -0.411, 0.419, 0
2975659, -0.743, -0.89, -0.993, -1.411, -0.557, 0.474, 0
2975679, -1.788, 0.082, 0.706, -0.815, 0.059, 0.574, 0
2975699, -0.566, -1.483, 0.842, -0.211, 0.572, 0.648, 0
2975719, 2.258, -4.397, -0.215, -0.441, 0.068, 0.588, 0
2975739, 2.639, -4.613, -0.635, -0.841, -0.771, 0.428, 0
2975759, -0.388, -3.185, -0.494, -0.803, -0.473, 0.255, 0
2975779, -1.878, -2.011, 0.513, -0.277, 0.409, 0.361, 0
2975799, -1.756, -1.849, 1.764, 0.505, 1.122, 0.504, 0
2975819, 1.228, -4.482, 0.885, 0.345, 0.747, 0.448, 0
2975839, 1.825, -4.996, 0.934, -0.361, -0.55, 0.348, 0
2975859, -0.058, -3.552, 1.541, -0.437, -0.97, 0.317, 0
2975879, -1.721, -2.781, 1.25, 0.062, -0.327, 0.334, 0
2975899, -1.694, -3.212, 0.496, 0.463, 0.314, 0.475, 0
2975919, 0.406, -4.391, -0.165, 0.162, -0.013, 0.492, 0
2975939, 0.587, -4.059, -0.074, -0.285, -0.632, 0.413, 0
2975959, -0.389, -3.086, 0.27, -0.313, -0.61, 0.35, 0
2975979, -0.54, -2.719, 0.36, -0.039, -0.095, 0.285, 0
2975999, 0.357, -2.885, 0.28, 0.098, 0.095, 0.21, 0
2976019, 0.636, -2.743, 0.151, 0.028, -0.085, 0.202, 0
2976039, 0.466, -2.637, -0.085, -0.112, -0.26, 0.125, 0
2976059, 0.312, -2.285, -0.001, -0.205, -0.262, 0.004, 0
2976079, -0.021, -1.87, 0.326, -0.179, -0.043, -0.063, 0
2976099, -0.127, -1.182, 0.694, -0.144, 0.02, -0.024, 0
2976119, -0.105, -1.243, 0.374, -0.16, 0.01, 0.019, 0
2976139, 0.046, -1.593, 0.189, -0.285, 0.002, 0.069, 0
2976159, 0.235, -2.088, -0.021, -0.528, 0.128, 0.118, 0
2976179, 0.206, -2.05, -0.702, -0.929, 0.37, 0.398, 1
2976199, 0.375, -1.469, -0.985, -0.973, 0.379, 0.583, 1
2976219, 0.36, -2.141, -0.752, -0.711, 0.265, 0.476, 1
2976239, 0.33, -2.949, -0.933, -0.447, 0.129, 0.371, 1
2976259, 0.32, -3.244, -0.806, -0.262, 0.147, 0.182, 1
2976279, 0.154, -3.381, -0.808, -0.179, 0.244, -0.119, 1
2976299, -0.054, -3.832, -0.788, -0.191, 0.164, -0.41, 1
2976319, -1.264, -3.296, -0.255, -0.28, 0.054, -0.487, 1
2976339, -1.723, -1.605, 0.709, -0.105, 0.268, -0.467, 1
2976359, -0.37, -1.246, 1.113, 0.268, 0.488, -0.301, 1
2976379, 0.73, -1.502, 0.662, 0.397, 0.229, -0.394, 1
2976399, -0.583, -2.03, 0.148, 0.232, -0.267, -0.541, 1
2976419, -2.526, -1.29, 0.329, 0.018, -0.263, -0.675, 1
2976439, -2.526, 0.404, 1.369, -0.057, 0.324, -0.709, 1
2976459, -1.222, 1.11, 1.702, 0.186, 0.689, -0.662, 1
2976479, 0.386, 1.714, 0.998, 0.417, 0.27, -0.538, 1
2976499, -0.932, 1.999, -0.009, 0.497, -0.321, -0.451, 1
2976519, -2.042, 1.577, -0.802, 0.323, -0.197, -0.492, 1
2976539, -1.543, 1.566, -0.697, 0.014, 0.269, -0.458, 1
2976559, -0.397, 1.744, -0.024, -0.169, 0.404, -0.306, 1
2976579, -0.421, 2.273, 0.568, 0.201, 0.199, -0.207, 1
2976599, -0.438, 2.939, 0.518, 0.638, 0.294, -0.125, 1
2976619, -0.033, 2.174, -0.347, 0.762, 0.354, -0.127, 1
2976639, 0.133, 1.17, -1.216, 0.455, 0.254, -0.18, 1
2976659, 0.006, 1.194, -1.554, 0.139, 0.121, -0.148, 1
2976679, -0.368, 1.579, -1.041, 0.002, 0.182, -0.029, 1
2976699, -0.481, 1.781, -0.482, 0.105, 0.334, 0.074, 1
2976719, 0.205, 1.073, -0.481, 0.319, 0.27, 0.139, 1
2976739, 0.384, 0.277, -0.699, 0.371, 0.186, 0.029, 1
2976759, 0.034, -0.05, -0.913, 0.242, 0.322, 0.007, 1
2976779, -0.365, 0.28, -0.81, 0.125, 0.483, -0.011, 1
2976799, -0.415, 0.678, -0.302, 0.126, 0.51, 0.053, 1
2976819, -0.145, 0.963, 0.037, 0.191, 0.361, 0.106, 1
2976839, 0.052, 0.688, -0.098, 0.233, 0.156, 0.124, 1
2976859, 0.036, 0.269, -0.542, 0.161, 0.063, 0.161, 1
2976879, -0.027, -0.017, -0.825, 0.037, 0.053, 0.202, 1
2976899, 0.1, -0.505, -0.79, -0.012, 0.009, 0.162, 1
2976919, 0.034, -0.378, -0.589, -0.064, 0.026, 0.168, 1
2976939, -0.2, -0.381, -0.289, -0.015, 0.135, 0.089, 1
2976959, 0.103, -0.528, -0.086, 0.041, 0.169, 0.1, 1
2976979, 0.35, -0.74, -0.04, 0.034, 0.021, 0.084, 1
2976999, 0.191, -0.632, -0.066, 0.043, -0.081, 0.066, 1
2977019, -0.111, -0.78, -0.217, 0.04, -0.031, 0.043, 1
2977039, -0.142, -0.642, -0.283, 0.064, 0.062, 0.003, 1
2977059, -0.416, -0.256, -0.13, 0.143, 0.164, -0.007, 1
2977079, 0.101, -0.565, 0.06, 0.065, 0.082, 0.07, 1
2977099, -0.137, -0.317, 0.222, 0.044, -0.05, 0.003, 1
2977119, -0.235, 0.031, 0.37, 0.145, -0.014, -0.099, 1
2977139, -0.111, 0.415, 0.509, 0.385, 0.009, -0.257, 1
2977159, -0.016, 0.682, 0.478, 0.565, -0.02, -0.321, 1
2977179, -0.198, 0.652, -0.212, 0.51, -0.028, -0.293, 1
2977199, -0.863, 1.735, -0.627, 0.268, -0.021, -0.299, 1
2977219, -1.206, 3.481, -0.224, 0.116, 0.121, -0.312, 0
2977239, -1.271, 4.291, -0.08, 0.272, 0.189, -0.197, 0
2977259, -0.918, 3.511, -0.554, 0.316, -0.092, -0.109, 0
2977279, -1.067, 2.361, -1.142, 0.076, -0.554, 0.075, 0
2977299, -0.807, 1.577, -1.936, -0.21, -0.648, 0.318, 0
2977319, -0.152, 1.023, -3.016, -0.412, -0.362, 0.434, 0
2977339, 0.651, 0.073, -3.89, -0.568, -0.019, 0.437, 0
2977359, 1.146, -0.519, -3.794, -0.651, 0.047, 0.383, 0
2977379, 1.518, -1.232, -3.804, -0.687, 0.031, 0.376, 0
2977399, 1.223, -1.32, -3.47, -0.94, -0.117, 0.328, 0
2977419, -0.243, -0.32, -2.553, -1.151, 0.004, 0.287, 0
2977439, 0.311, -0.207, -1.252, -1.144, 0.254, 0.246, 0
2977459, 0.622, -0.785, -0.075, -1.236, 0.048, 0.156, 0
2977479, 0.023, -0.651, 1.015, -1.519, -0.576, 0.211, 0
2977499, -1.093, -0.06, 1.742, -1.456, -1.031, 0.383, 0
2977519, -1.956, -0.481, 1.001, -0.984, -0.649, 0.443, 0
2977539, -0.747, -1.555, 0.61, -0.422, -0.028, 0.49, 0
2977559, 0.86, -2.93, 0.46, -0.519, -0.298, 0.373, 0
2977579, -0.003, -3.34, 0.27, -0.735, -0.689, 0.416, 0
2977599, -0.545, -2.43, 0.638, -0.485, -0.583, 0.411, 0
2977619, -1.139, -3.116, 0.226, -0.138, 0.024, 0.44, 0
2977639, 0.391, -3.957, -0.032, 0.096, 0.24, 0.606, 0
2977659, 2.006, -5.132, -0.398, -0.163, -0.2, 0.415, 0
2977679, 0.952, -4.739, -0.057, -0.347, -0.616, 0.315, 0
2977699, -0.14, -3.825, 0.346, -0.2, -0.486, 0.362, 0
2977719, -0.093, -3.457, 0.543, 0.171, -0.142, 0.323, 0
2977739, 0.274, -3.82, 0.219, 0.253, 0.047, 0.282, 0
2977759, 0.135, -3.927, -0.099, 0.107, -0.043, 0.265, 0
2977779, -0.217, -3.127, 0.334, -0.032, -0.169, 0.312, 0
2977799, -0.157, -2.133, 1.171, 0.06, -0.215, 0.27, 0
2977819, -0.114, -1.724, 1.325, 0.225, -0.18, 0.247, 0
2977839, -0.255, -2.118, 0.437, 0.24, -0.152, 0.189, 0
2977859, -0.411, -2.318, 0.065, 0.136, -0.103, 0.176, 0
2977879, -0.303, -2.019, 0.397, 0.073, -0.059, 0.205, 0
2977899, -0.082, -1.884, 0.502, 0.085, -0.018, 0.147, 0
2977919, 0.129, -1.97, 0.116, 0.108, -0.063, 0.069, 0
2977939, -0.151, -2.176, -0.507, -0.045, 0.013, 0.031, 0
2977959, -0.496, -2.192, -0.732, -0.321, 0.191, 0.064, 0
2977979, -0.178, -2.03, -0.422, -0.577, 0.343, 0.178, 1
2977999, 0.108, -2.183, -0.794, -0.843, 0.433, 0.421, 1
2978019, 0.564, -2.116, -1.63, -0.967, 0.336, 0.525, 1
2978039, 0.35, -2.592, -2.01, -0.641, 0.321, 0.339, 1
2978059, -0.29, -3.794, -1.695, -0.576, 0.477, 0.246, 1
2978079, -0.168, -4.086, -1.129, -0.574, 0.646, -0.026, 1
2978099, -0.172, -3.665, -0.368, -0.511, 0.662, -0.338, 1
2978119, -0.66, -2.121, 0.329, -0.366, 0.582, -0.436, 1
2978139, -0.725, -2.116, 1.0, -0.163, 0.525, -0.43, 1
2978159, -0.152, -2.174, 1.182, -0.179, 0.367, -0.546, 1
2978179, -0.007, -1.439, 1.15, -0.204, 0.18, -0.795, 1
2978199, -1.696, 0.411, 1.24, -0.134, 0.094, -0.763, 1
2978219, -2.019, 1.039, 1.699, 0.131, 0.367, -0.493, 1
2978239, 0.048, 1.097, 2.028, 0.317, 0.444, -0.326, 1
2978259, 0.147, 1.141, 1.407, 0.37, 0.045, -0.476, 1
2978279, -1.119, 1.641, 0.653, 0.436, -0.179, -0.488, 1
2978299, -1.451, 1.544, -0.06, 0.571, -0.041, -0.375, 1
2978319, -0.515, 0.963, -0.585, 0.505, 0.179, -0.273, 1
2978339, 0.021, 0.411, -0.897, 0.337, 0.002, -0.252, 1
2978359, -0.712, 0.821, -0.532, 0.054, -0.042, -0.343, 1
2978379, -0.47, 0.929, -0.262, 0.081, 0.18, -0.264, 1
2978399, 0.112, 0.097, -0.472, 0.324, 0.156, -0.217, 1
2978419, -0.212, 0.333, -0.877, 0.398, 0.162, -0.352, 1
2978439, -0.717, 1.15, -1.066, 0.385, 0.414, -0.458, 1
2978459, -0.928, 1.73, -1.046, 0.455, 0.723, -0.417, 1
2978479, -0.264, 1.256, -1.03, 0.461, 0.692, -0.261, 1
2978499, -0.196, 1.261, -0.851, 0.296, 0.313, -0.168, 1
2978519, -0.482, 1.387, -0.735, 0.179, 0.134, -0.162, 1
2978539, -0.551, 1.323, -0.75, 0.21, 0.254, -0.178, 1
2978559, -0.862, 1.87, -0.642, 0.277, 0.488, -0.186, 1
2978579, -0.294, 1.308, -0.702, 0.287, 0.426, -0.066, 1
2978599, 0.149, 0.575, -0.81, 0.164, 0.152, 0.026, 1
2978619, 0.172, 0.105, -1.071, 0.058, -0.013, 0.055, 1
2978639, -0.609, 0.388, -0.882, 0.037, 0.192, 0.072, 1
2978659, -0.42, 0.302, -0.438, 0.067, 0.463, 0.099, 1
2978679, 0.052, 0.088, 0.201, 0.07, 0.461, 0.116, 1
2978699, 0.192, -0.176, 0.353, 0.062, 0.233, 0.1, 1
2978719, -0.044, -0.021, 0.397, 0.051, 0.102, 0.102, 1
2978739, -0.207, -0.143, 0.166, 0.017, 0.01, 0.092, 1
2978759, -0.257, -0.096, -0.045, -0.029, -0.012, 0.074, 1
2978779, -0.058, -0.072, -0.245, -0.026, -0.099, 0.081, 1
2978799, -0.16, -0.158, -0.396, -0.025, -0.1, 0.102, 1
2978819, -0.177, -0.173, -0.344, -0.072, -0.035, 0.103, 1
2978839, 0.14, -0.351, -0.232, -0.111, -0.078, 0.149, 1
2978859, 0.228, -0.539, -0.335, -0.169, -0.164, 0.16, 1
2978879, 0.29, -0.521, -0.203, -0.141, -0.184, 0.097, 1
2978899, 0.101, -0.457, -0.058, -0.018, -0.138, -0.008, 1
2978919, 0.245, -0.64, 0.035, 0.045, -0.155, -0.076, 1
2978939, 0.188, -0.549, 0.189, 0.059, -0.172, -0.197, 1
2978959, -0.161, -0.019, 0.495, 0.098, -0.095, -0.108, 1
2978979, -0.034, 0.312, 0.748, 0.193, -0.053, -0.041, 1
2978999, -0.127, 0.766, 0.816, 0.211, -0.01, 0.019, 1
2979019, 0.107, 1.159, -0.367, 0.209, -0.2, -0.048, 0
2979039, -0.183, 1.761, -0.413, 0.12, -0.196, -0.072, 0
2979059, -0.166, 1.213, -0.425, -0.003, -0.433, -0.05, 0
2979079, -0.835, 1.483, -0.483, -0.097, -0.624, -0.004, 0
2979099, -0.757, 1.233, -1.441, -0.128, -0.299, 0.087, 0
2979119, 0.253, 0.573, -2.359, -0.289, 0.081, 0.172, 0
2979139, 0.582, 0.181, -2.536, -0.543, 0.006, 0.248, 0
2979159, 0.042, 0.283, -2.138, -0.624, -0.101, 0.27, 0
2979179, 0.268, -0.008, -1.962, -0.563, 0.035, 0.291, 0
2979199, 0.565, -0.146, -1.318, -0.65, 0.079, 0.334, 0
2979219, 0.591, -0.099, -0.291, -0.832, -0.076, 0.325, 0
2979239, 0.037, -0.252, 0.681, -0.976, -0.405, 0.321, 0
2979259, -1.192, -0.138, 0.641, -0.686, -0.459, 0.326, 0
2979279, -0.528, -1.577, -0.662, -0.202, -0.045, 0.448, 0
2979299, 0.761, -2.898, -1.441, -0.168, 0.034, 0.529, 0
2979319, 0.796, -3.523, -1.725, -0.526, -0.335, 0.441, 0
2979339, -0.9, -2.038, -0.749, -0.827, -0.58, 0.257, 0
2979359, -1.704, -1.314, -0.094, -0.524, -0.298, 0.32, 0
2979379, -1.306, -2.078, -0.113, -0.106, 0.089, 0.452, 0
2979399, -0.468, -3.353, -0.349, -0.125, 0.172, 0.549, 0
2979419, 0.008, -4.21, -0.538, -0.503, -0.135, 0.516, 0
2979439, -0.687, -3.774, 0.112, -0.708, -0.423, 0.43, 0
2979459, -0.828, -3.361, 0.667, -0.357, -0.224, 0.427, 0
2979479, -0.366, -3.465, 0.164, 0.102, 0.227, 0.536, 0
2979499, 1.095, -4.928, -1.223, -0.155, 0.143, 0.387, 0
2979519, 1.318, -3.883, -0.478, -0.52, -0.505, 0.225, 0
2979539, -0.361, -2.286, 0.164, -0.214, -0.656, 0.167, 0
2979559, -1.375, -2.091, 0.216, 0.201, -0.219, 0.327, 0
2979579, -0.309, -2.78, -0.084, 0.279, -0.007, 0.375, 0
2979599, 0.354, -3.245, -0.227, 0.026, -0.218, 0.268, 0
2979619, -0.065, -2.465, 0.324, -0.029, -0.276, 0.176, 0
2979639, -0.574, -1.83, 0.616, 0.201, -0.013, 0.202, 0
2979659, -0.209, -2.196, 0.327, 0.282, 0.189, 0.236, 0
2979679, 0.595, -2.761, -0.399, 0.027, -0.007, 0.182, 0
2979699, 0.345, -2.384, -0.187, -0.179, -0.23, 0.051, 0
2979719, -0.5, -1.687, 0.182, -0.078, -0.076, 0.038, 0
2979739, -0.694, -1.59, 0.238, 0.019, 0.182, 0.123, 0
2979759, -0.245, -1.82, 0.234, 0.027, 0.282, 0.175, 0
2979779, 0.48, -2.232, 0.206, -0.142, 0.149, 0.126, 0
2979799, 0.591, -2.492, 0.245, -0.309, 0.031, 0.096, 0
2979819, 0.02, -2.634, 0.142, -0.533, 0.284, 0.202, 1
2979839, 0.156, -2.634, -0.36, -0.819, 0.484, 0.487, 1
2979859, 0.936, -2.922, -0.807, -0.926, 0.298, 0.525, 1
2979879, 0.688, -2.906, -0.996, -0.827, 0.144, 0.33, 1
2979899, 0.501, -2.815, -0.709, -0.593, 0.118, 0.164, 1
2979919, -0.279, -3.118, -0.924, -0.284, 0.171, -0.01, 1
2979939, -0.825, -3.367, -0.951, -0.093, 0.288, -0.111, 1
2979959, -0.204, -3.598, -0.53, -0.093, 0.383, -0.24, 1
2979979, 0.666, -2.463, 0.165, -0.037, 0.196, -0.541, 1
2979999, -0.166, -1.849, 0.253, 0.182, 0.02, -0.525, 1
2980019, -1.338, -0.705, 0.43, 0.283, 0.204, -0.489, 1
2980039, -0.687, -0.759, 0.767, 0.293, 0.443, -0.411, 1
2980059, 0.658, -0.199, 0.941, 0.311, 0.432, -0.463, 1
2980079, 0.542, -0.338, 0.522, 0.345, 0.125, -0.484, 1
2980099, -0.561, -0.297, 0.068, 0.42, -0.172, -0.559, 1
2980119, -1.817, 0.395, -0.45, 0.331, -0.042, -0.696, 1
2980139, -1.578, 1.014, -0.375, 0.249, 0.493, -0.732, 1
2980159, -0.659, 1.163, -0.373, 0.241, 0.53, -0.677, 1
2980179, -0.727, 1.458, -0.454, 0.235, 0.251, -0.66, 1
2980199, -0.961, 1.178, -0.89, 0.182, -0.012, -0.588, 1
2980219, -1.259, 1.059, -1.196, 0.033, -0.135, -0.549, 1
2980239, -1.136, 1.073, -0.722, -0.062, -0.006, -0.503, 1
2980259, -0.718, 1.498, -0.423, 0.016, 0.223, -0.442, 1
2980279, -0.145, 1.225, -0.944, 0.237, 0.08, -0.392, 1
2980299, -0.797, 1.531, -1.05, 0.231, 0.008, -0.349, 1
2980319, -0.556, 1.168, -1.004, 0.124, 0.193, -0.283, 1
2980339, -0.429, 1.27, -0.559, 0.014, 0.204, -0.205, 1
2980359, -0.392, 0.924, -0.535, 0.063, 0.199, -0.144, 1
2980379, -0.039, 0.449, -0.239, 0.088, 0.192, -0.093, 1
2980399, -0.142, 0.406, -0.226, 0.118, 0.223, -0.152, 1
2980419, -0.478, 0.478, -0.365, 0.102, 0.227, -0.157, 1
2980439, -0.458, 0.333, -0.377, -0.015, 0.186, -0.056, 1
2980459, -0.313, 0.505, 0.113, -0.167, 0.1, -0.015, 1
2980479, -0.287, 0.506, 0.292, 0.01, 0.082, 0.054, 1
2980499, -0.136, 0.142, 0.308, 0.114, 0.103, 0.131, 1
2980519, 0.173, -0.248, 0.352, 0.117, 0.042, 0.161, 1
2980539, 0.175, -0.465, 0.299, 0.072, 0.006, 0.152, 1
2980559, 0.109, -0.487, 0.196, 0.0, 0.059, 0.13, 1
2980579, 0.121, -0.262, 0.12, 0.046, 0.043, 0.15, 1
2980599, -0.014, -0.261, -0.037, 0.067, 0.004, 0.138, 1
2980619, 0.194, -0.401, -0.141, 0.056, -0.023, 0.127, 1
2980639, -0.059, -0.198, -0.154, 0.063, 0.044, 0.15, 1
2980659, 0.279, -0.639, -0.318, -0.047, -0.068, 0.167, 1
2980679, 0.125, -0.459, -0.293, -0.043, -0.087, 0.181, 1
2980699, 0.116, -0.781, -0.524, -0.054, -0.086, 0.149, 1
2980719, 0.056, -0.846, -0.757, -0.05, 0.01, 0.139, 1
2980739, -0.194, -0.531, -0.518, -0.065, 0.087, 0.081, 1
2980759, -0.003, -0.519, -0.272, -0.044, 0.088, 0.047, 1
2980779, -0.016, -0.374, 0.032, -0.001, 0.028, -0.005, 1
2980799, 0.011, -0.181, 0.359, 0.117, -0.124, -0.098, 1
2980819, -0.254, 0.001, 0.38, 0.246, -0.183, -0.192, 1
2980839, -0.325, 0.416, 0.269, 0.424, -0.163, -0.318, 1
2980859, -0.589, 0.398, 0.107, 0.42, 0.036, -0.295, 0
2980879, -0.486, 1.15, 0.059, 0.367, 0.086, -0.172, 0
2980899, -0.085, 1.532, 0.404, 0.346, -0.073, -0.01, 0
2980919, -0.111, 1.842, -0.22, 0.375, -0.133, 0.0, 0
2980939, -0.2, 1.592, -0.972, 0.166, -0.172, 0.048, 0
2980959, -0.396, 1.239, -1.488, -0.245, -0.246, 0.298, 0
2980979, -0.392, 1.333, -2.542, -0.763, -0.04, 0.382, 0
2980999, 0.55, 1.488, -2.33, -0.894, 0.023, 0.345, 0
2981019, 0.422, 1.108, -2.249, -0.868, -0.161, 0.361, 0
2981039, 0.221, 0.995, -2.059, -0.949, -0.097, 0.372, 0
2981059, 0.357, 0.778, -1.585, -1.01, 0.078, 0.36, 0
2981079, 0.891, 0.178, -1.162, -0.985, 0.096, 0.307, 0
2981099, 1.058, -0.345, -0.58, -1.094, -0.237, 0.269, 0
2981119, 0.084, 0.124, 0.4, -1.056, -0.476, 0.267, 0
2981139, 0.517, -0.796, 0.424, -0.781, -0.632, 0.273, 0
2981159, -0.25, -1.286, 0.128, -0.854, -0.841, 0.274, 0
2981179, -0.689, -0.951, 0.394, -0.83, -0.748, 0.282, 0
2981199, -0.688, -1.438, 0.183, -0.485, -0.407, 0.357, 0
2981219, 0.37, -2.894, -0.682, -0.268, -0.278, 0.328, 0
2981239, -0.555, -3.099, -1.035, -0.387, -0.439, 0.109, 0
2981259, -1.475, -2.556, -0.683, -0.58, -0.342, 0.304, 0
2981279, -1.39, -2.067, 0.186, -0.377, -0.07, 0.513, 0
2981299, -0.887, -2.697, 0.183, -0.027, 0.251, 0.684, 0
2981319, 0.905, -4.202, 0.112, 0.006, 0.003, 0.723, 0
2981339, 0.323, -3.831, 0.624, -0.35, -0.624, 0.448, 0
2981359, -1.357, -2.9, 0.818, -0.345, -0.558, 0.25, 0
2981379, -1.843, -2.774, 0.341, 0.243, 0.021, 0.568, 0
2981399, 0.453, -4.752, -0.777, 0.514, 0.304, 0.746, 0
2981419, 1.856, -4.733, -0.779, 0.102, -0.172, 0.664, 0
2981439, 0.551, -3.733, -0.697, -0.235, -0.613, 0.296, 0
2981459, -1.11, -2.511, -0.59, -0.074, -0.269, 0.256, 0
2981479, -1.26, -2.294, -0.523, 0.17, 0.171, 0.453, 0
2981499, 0.45, -3.182, -0.656, -0.006, 0.243, 0.442, 0
2981519, 1.193, -2.887, -0.317, -0.207, -0.069, 0.214, 0
2981539, -0.011, -2.363, -0.155, -0.222, -0.13, 0.156, 0
2981559, -1.046, -1.666, 0.14, 0.018, 0.246, 0.251, 0
2981579, -0.128, -2.148, 0.128, 0.149, 0.598, 0.246, 0
2981599, 1.415, -2.558, 0.026, -0.128, 0.172, 0.076, 0
2981619, 0.192, -2.057, 0.233, -0.346, -0.148, -0.02, 0
2981639, -1.121, -1.295, 0.381, -0.257, 0.109, 0.076, 0
2981659, -0.69, -1.247, 0.437, -0.109, 0.469, 0.166, 0
2981679, -0.007, -1.594, 0.267, -0.116, 0.486, 0.147, 0
2981699, 0.209, -2.061, -0.142, -0.277, 0.322, 0.171, 0
2981719, -0.136, -2.067, -0.135, -0.437, 0.35, 0.248, 1
2981739, -0.165, -2.517, -0.281, -0.603, 0.563, 0.376, 1
2981759, 0.289, -2.529, -0.187, -0.673, 0.707, 0.508, 1
2981779, -0.11, -1.662, -0.335, -0.503, 0.682, 0.467, 1
2981799, 0.271, -1.733, -0.529, -0.372, 0.488, 0.302, 1
2981819, 0.08, -2.173, -0.778, -0.4, 0.2, 0.097, 1
2981839, -0.815, -1.829, -0.56, -0.257, 0.189, -0.072, 1
2981859, -2.008, -1.298, -0.4, 0.034, 0.512, 0.008, 1
2981879, -1.398, -1.236, -0.083, 0.224, 0.759, 0.167, 1
2981899, 1.016, -1.473, 0.472, 0.295, 0.516, -0.087, 1
2981919, 1.029, -1.243, 0.215, 0.168, 0.21, -0.367, 1
2981939, -0.367, -0.677, -0.165, 0.172, 0.077, -0.285, 1
2981959, -1.61, 0.336, 0.669, 0.194, 0.445, -0.2, 1
2981979, -0.829, 0.365, 0.818, 0.354, 0.734, -0.268, 1
2981999, -0.081, 0.353, 0.243, 0.516, 0.594, -0.199, 1
2982019, -0.565, -0.153, -0.567, 0.475, 0.227, -0.15, 1
2982039, -0.973, -0.15, -0.481, 0.118, 0.18, -0.183, 1
2982059, -0.464, 0.021, -0.19, -0.103, 0.455, -0.21, 1
2982079, 0.653, 0.8, 0.157, -0.05, 0.46, -0.188, 1
2982099, 0.572, 0.775, -0.153, 0.219, 0.246, -0.187, 1
2982119, -0.199, 0.989, -0.469, 0.324, 0.166, -0.27, 1
2982139, 0.231, 0.438, -0.927, 0.127, 0.268, -0.26, 1
2982159, 0.359, -0.004, -0.86, -0.263, 0.091, -0.299, 1
2982179, -0.556, 0.715, -0.21, -0.497, -0.01, -0.356, 1
2982199, -1.487, 1.643, 0.4, -0.192, 0.136, -0.384, 1
2982219, -1.044, 1.353, 0.519, 0.167, 0.353, -0.305, 1
2982239, -0.291, 0.486, -0.11, 0.269, 0.216, -0.28, 1
2982259, -0.593, 0.626, -0.366, 0.172, -0.02, -0.313, 1
2982279, -0.831, 0.66, -0.785, 0.211, -0.054, -0.306, 1
2982299, -0.718, 0.621, -0.898, 0.314, -0.052, -0.189, 1
2982319, -0.533, 0.598, -0.537, 0.306, 0.086, -0.142, 1
2982339, 0.026, 0.591, -0.163, 0.341, 0.244, -0.142, 1
2982359, 0.198, 0.4, -0.213, 0.405, 0.2, -0.165, 1
2982379, -0.128, 0.804, -0.146, 0.385, 0.127, -0.2, 1
2982399, -0.481, 1.036, -0.153, 0.372, 0.112, -0.201, 1
2982419, -0.531, 0.988, -0.377, 0.305, 0.135, -0.057, 1
2982439, -0.093, 0.559, -0.5, 0.084, 0.047, 0.046, 1
2982459, 0.003, 0.488, -0.378, 0.073, -0.037, 0.069, 1
2982479, 0.061, 0.065, -0.764, 0.094, -0.091, 0.148, 1
2982499, 0.093, -0.466, -0.988, -0.025, -0.053, 0.192, 1
2982519, 0.218, -0.85, -0.974, -0.183, -0.006, 0.225, 1
2982539, 0.451, -0.851, -0.472, -0.141, -0.011, 0.135, 1
2982559, 0.383, -1.132, -0.41, -0.095, 0.012, 0.172, 1
2982579, 0.444, -1.485, -0.408, -0.161, 0.02, 0.156, 1
2982599, 0.376, -1.314, -0.028, -0.226, 0.068, 0.094, 1
2982619, 0.322, -0.859, 0.352, -0.036, 0.107, -0.026, 1
2982639, 0.161, -0.595, 0.668, 0.206, 0.062, -0.138, 1
2982659, 0.1, -0.66, 0.599, 0.311, -0.032, -0.183, 1
2982679, 0.046, -0.457, 0.41, 0.303, -0.027, -0.362, 1
2982699, -0.102, -0.042, 0.331, 0.291, 0.058, -0.34, 0
2982719, -0.364, 0.375, 0.232, 0.391, 0.021, -0.221, 0
2982739, 0.03, 0.639, 0.117, 0.418, -0.07, -0.1, 0
2982759, -0.262, 0.782, -0.278, 0.293, -0.088, -0.006, 0
2982779, -0.423, 1.323, -0.508, 0.079, -0.13, 0.02, 0
2982799, -0.697, 1.68, -0.663, -0.182, -0.135, 0.067, 0
2982819, -0.614, 1.825, -1.067, -0.423, -0.227, 0.183, 0
2982839, -0.607, 1.682, -1.583, -0.659, -0.331, 0.244, 0
2982859, -0.867, 1.725, -1.633, -0.693, -0.342, 0.291, 0
2982879, -0.54, 1.181, -1.916, -0.79, -0.271, 0.293, 0
2982899, 0.162, 0.85, -1.637, -0.938, -0.307, 0.326, 0
2982919, 0.043, 0.738, -1.289, -0.783, -0.337, 0.387, 0
2982939, -0.198, 0.048, -1.484, -0.544, -0.106, 0.4, 0
2982959, 0.739, -1.147, -1.846, -0.494, 0.075, 0.399, 0
2982979, 0.983, -1.593, -1.628, -0.828, -0.257, 0.406, 0
2982999, -0.102, -0.804, -0.704, -1.002, -0.447, 0.385, 0
2983019, -0.354, -1.036, -0.266, -0.78, -0.252, 0.352, 0
2983039, 0.158, -1.843, -0.218, -0.639, -0.024, 0.306, 0
2983059, 1.419, -3.069, -0.526, -0.891, -0.254, 0.202, 0
2983079, 0.63, -2.018, 0.201, -1.268, -0.698, 0.074, 0
2983099, -1.05, -1.08, 0.817, -0.802, -0.605, -0.058, 0
2983119, -1.991, -1.018, 0.724, -0.076, 0.211, 0.047, 0
2983139, 0.726, -3.122, 0.465, 0.265, 0.745, 0.229, 0
2983159, 1.761, -3.721, 0.338, -0.31, -0.061, 0.211, 0
2983179, -0.591, -1.956, 1.047, -0.538, -1.105, 0.085, 0
2983199, -2.468, -1.51, 0.659, 0.189, -0.707, 0.186, 0
2983219, -0.201, -4.347, -1.123, 0.923, 0.458, 0.462, 0
2983239, 2.737, -5.421, -1.803, 0.591, 0.404, 0.519, 0
2983259, 1.804, -4.527, -1.627, 0.032, -0.511, 0.367, 0
2983279, 0.078, -3.355, -0.946, -0.13, -0.699, 0.174, 0
2983299, -0.566, -2.824, -0.465, 0.117, -0.119, 0.188, 0
2983319, 0.315, -3.446, -0.884, 0.287, 0.353, 0.37, 0
2983339, 1.132, -3.222, -0.64, -0.036, 0.146, 0.375, 0
2983359, 0.591, -2.342, 0.347, -0.21, -0.286, 0.219, 0
2983379, -0.398, -1.782, 0.759, -0.134, -0.277, 0.128, 0
2983399, -0.665, -1.582, 0.518, 0.053, -0.01, 0.2, 0
2983419, -0.201, -2.154, -0.179, -0.066, 0.136, 0.219, 0
2983439, 0.516, -1.818, 0.073, -0.126, -0.089, 0.119, 0
2983459, 0.212, -1.89, 0.237, -0.113, -0.146, 0.039, 0
2983479, -0.36, -1.779, 0.324, -0.076, 0.038, 0.076, 0
2983499, -0.181, -1.952, 0.124, -0.082, 0.249, 0.111, 0
2983519, 0.546, -2.391, -0.168, -0.273, 0.236, 0.105, 0
2983539, 0.871, -2.68, -0.214, -0.601, 0.053, 0.089, 1
2983559, 0.028, -2.296, -0.333, -0.805, 0.106, 0.249, 1
2983579, -0.504, -2.195, -0.718, -0.794, 0.296, 0.45, 1
2983599, -0.561, -2.393, -0.689, -0.619, 0.521, 0.4, 1
2983619, 0.358, -2.804, -0.06, -0.453, 0.468, 0.251, 1
2983639, 1.022, -2.4, 0.222, -0.241, 0.2, -0.02, 1
2983659, -0.389, -1.78, 0.215, 0.081, 0.051, -0.177, 1
2983679, -1.064, -1.41, -0.504, 0.26, 0.116, 0.028, 1
2983699, -0.667, -2.422, -0.838, 0.108, 0.234, -0.01, 1
2983719, -0.539, -2.838, -0.772, -0.181, 0.504, -0.353, 1
2983739, 0.149, -1.304, 0.024, -0.186, 0.602, -0.372, 1
2983759, 0.098, -1.042, 0.39, -0.061, 0.554, -0.335, 1
2983779, 0.325, -0.651, 0.48, 0.01, 0.394, -0.334, 1
2983799, -0.331, -0.239, 0.074, 0.018, 0.232, -0.399, 1
2983819, -1.172, -0.106, -0.089, 0.036, 0.312, -0.359, 1
2983839, -1.042, 0.507, 0.414, 0.065, 0.501, -0.222, 1
2983859, -0.349, 0.874, 0.987, 0.147, 0.55, -0.181, 1
2983879, 0.253, 1.036, 0.719, 0.326, 0.313, -0.165, 1
2983899, -0.795, 1.285, -0.207, 0.442, 0.483, -0.197, 1
2983919, -0.79, 1.548, -1.163, 0.422, 0.758, -0.158, 1
2983939, 0.257, 1.525, -1.212, 0.146, 0.44, -0.062, 1
2983959, -0.123, 1.345, -1.383, -0.072, -0.034, -0.06, 1
2983979, -1.018, 1.775, -1.186, -0.128, -0.102, -0.069, 1
2983999, -0.959, 1.339, -1.163, -0.009, 0.229, -0.086, 1
2984019, -0.094, 0.754, -1.358, -0.032, 0.415, -0.121, 1
2984039, 0.15, 0.529, -1.292, -0.185, 0.241, -0.07, 1
2984059, 0.026, 0.672, -0.599, -0.361, 0.087, -0.064, 1
2984079, 0.115, 0.518, -0.177, -0.371, 0.076, -0.131, 1
2984099, 0.05, -0.018, -0.261, -0.219, -0.006, -0.114, 1
2984119, -0.537, -1.123, -0.272, -0.223, 0.036, -0.075, 1
2984139, -0.424, 0.491, 0.443, -0.207, 0.183, -0.063, 1
2984159, 0.032, -0.426, 0.829, -0.056, 0.225, -0.009, 1
2984179, -0.009, -0.244, 1.001, 0.036, 0.166, -0.091, 1
2984199, -0.268, 0.271, 1.231, 0.161, 0.229, -0.129, 1
2984219, -0.485, 0.335, 0.809, 0.333, 0.211, -0.111, 1
2984239, -0.763, 0.28, 0.129, 0.326, 0.103, -0.078, 1
2984259, -0.676, 0.471, -0.158, 0.183, 0.096, 0.0, 1
2984279, -0.749, 0.655, 0.096, 0.1, 0.1, 0.068, 1
2984299, -0.394, 0.465, 0.327, 0.15, 0.132, 0.152, 1
2984319, -0.038, 0.002, 0.16, 0.226, 0.023, 0.217, 1
2984339, 0.095, -0.59, -0.216, 0.249, -0.114, 0.263, 1
2984359, 0.031, -0.928, -0.576, 0.144, -0.141, 0.235, 1
2984379, 0.225, -0.937, -0.738, 0.03, -0.063, 0.174, 1
2984399, 0.22, -1.001, -0.795, 0.006, -0.034, 0.155, 1
2984419, 0.177, -0.869, -0.567, 0.059, -0.031, 0.102, 1
2984439, 0.333, -0.991, -0.468, 0.067, -0.057, 0.106, 1
2984459, 0.174, -1.073, -0.51, -0.026, 0.018, 0.045, 1
2984479, 0.191, -0.896, -0.29, -0.041, 0.05, 0.003, 1
2984499, 0.122, -0.442, -0.088, 0.025, 0.008, 0.011, 1
2984519, 0.041, -0.131, 0.164, 0.155, -0.056, -0.009, 1
2984539, -0.045, -0.019, 0.081, 0.232, -0.048, -0.023, 1
2984559, 0.021, -0.239, -0.229, 0.164, -0.078, -0.094, 1
2984579, 0.005, 0.01, -0.255, 0.147, -0.056, -0.167, 1
2984599, -0.042, 0.21, -0.249, 0.224, -0.04, -0.232, 1
2984619, 0.436, 0.99, 0.078, 0.53, -0.226, -0.262, 1
2984639, 0.234, 1.326, -0.027, 0.785, -0.309, -0.182, 0
2984659, -0.261, 0.881, -0.776, 0.591, -0.266, -0.128, 0
2984679, -0.464, 1.433, -1.493, 0.217, -0.276, -0.02, 0
2984699, -0.797, 2.054, -1.617, -0.042, -0.172, 0.06, 0
2984719, -0.983, 2.371, -1.138, -0.146, -0.09, 0.124, 0
2984739, -0.691, 1.711, -1.007, -0.384, -0.138, 0.277, 0
2984759, -0.454, 1.324, -1.207, -0.704, -0.23, 0.39, 0
2984779, -0.383, 1.168, -1.049, -0.973, -0.117, 0.426, 0
2984799, -0.102, 1.046, -0.503, -1.027, 0.056, 0.411, 0
2984819, 0.31, 0.604, 0.096, -0.843, 0.117, 0.414, 0
2984839, 0.849, -0.064, 0.029, -0.72, -0.021, 0.409, 0
2984859, 1.38, -0.689, -0.28, -0.756, -0.298, 0.356, 0
2984879, 0.913, -0.922, -0.615, -0.882, -0.454, 0.247, 0
2984899, 0.197, -0.336, -0.071, -0.635, -0.51, 0.173, 0
2984919, 0.296, -1.154, -0.548, -0.35, -0.686, 0.246, 0
2984939, -1.006, -1.255, -1.006, -0.351, -0.689, 0.29, 0
2984959, -1.917, -0.993, -0.789, -0.39, -0.399, 0.342, 0
2984979, -1.88, -0.715, 0.208, -0.282, -0.06, 0.439, 0
2984999, -0.753, -1.92, 0.602, 0.064, 0.069, 0.564, 0
2985019, -0.797, -2.51, 0.411, 0.188, 0.047, 0.647, 0
2985039, -1.833, -2.844, 0.054, 0.335, 0.406, 0.659, 0
2985059, 0.403, -4.164, -0.213, 0.307, 0.691, 0.625, 0
2985079, 0.861, -3.74, 0.492, -0.098, -0.062, 0.425, 0
2985099, -1.552, -2.863, 0.786, -0.158, -0.678, 0.384, 0
2985119, -2.555, -3.199, 0.231, 0.289, -0.128, 0.77, 0
2985139, 0.064, -4.952, -0.821, 0.533, 0.807, 0.887, 0
2985159, 2.338, -4.818, -0.787, 0.191, 0.397, 0.755, 0
2985179, 1.346, -3.988, -0.536, -0.141, -0.676, 0.497, 0
2985199, -0.561, -3.201, -0.37, -0.208, -0.845, 0.33, 0
2985219, -0.937, -2.778, -0.418, -0.043, -0.098, 0.345, 0
2985239, 1.073, -4.164, -0.906, 0.097, 0.472, 0.346, 0
2985259, 2.581, -3.805, -0.621, -0.203, -0.117, 0.198, 0
2985279, 1.152, -3.2, -0.396, -0.488, -0.927, -0.131, 0
2985299, -0.817, -2.266, -0.185, -0.544, -0.768, -0.314, 0
2985319, -1.353, -1.425, 0.08, -0.334, 0.04, -0.249, 0
2985339, -0.673, -1.083, 0.172, -0.002, 0.583, -0.087, 0
2985359, 0.688, -1.759, -0.091, -0.007, 0.502, -0.01, 0
2985379, 0.685, -1.805, 0.068, -0.198, -0.109, -0.171, 0
2985399, -0.358, -1.634, 0.21, -0.209, -0.029, -0.159, 0
2985419, -0.976, -1.247, 0.301, -0.048, 0.343, -0.029, 0
2985439, -0.474, -1.719, 0.027, -0.047, 0.519, 0.08, 0
2985459, 0.508, -2.745, -0.322, -0.428, 0.346, 0.191, 1
2985479, 0.531, -3.006, -0.597, -0.797, 0.186, 0.35, 1
2985499, -0.229, -2.153, -0.393, -0.732, 0.376, 0.443, 1
2985519, -0.061, -1.83, -0.088, -0.232, 0.605, 0.328, 1
2985539, 0.59, -2.506, -0.64, -0.047, 0.328, 0.142, 1
2985559, -0.121, -3.663, -1.544, -0.314, 0.126, -0.216, 1
2985579, -1.409, -2.83, -1.518, -0.518, 0.23, -0.322, 1
2985599, -2.084, -1.922, -0.829, -0.422, 0.547, -0.139, 1
2985619, -0.593, -1.451, 0.319, -0.26, 0.541, -0.111, 1
2985639, 0.753, -1.384, 0.602, -0.115, -0.006, -0.273, 1
2985659, -0.822, -1.16, -0.106, -0.042, -0.259, -0.3, 1
2985679, -3.25, -0.407, -0.537, 0.088, 0.42, 0.002, 1
2985699, -1.491, -0.273, 0.06, 0.167, 0.964, 0.237, 1
2985719, 1.898, -0.02, 0.84, 0.15, 0.605, 0.003, 1
2985739, 1.086, 0.656, 0.853, 0.114, 0.168, -0.109, 1
2985759, -0.676, 1.536, 0.517, 0.403, 0.221, 0.05, 1
2985779, -0.312, 0.847, 0.079, 0.364, 0.317, 0.085, 1
2985799, 0.254, 0.565, 0.291, 0.035, 0.374, -0.122, 1
2985819, 0.212, 0.755, 0.608, -0.05, 0.39, -0.287, 1
2985839, -0.393, 2.025, 0.923, 0.218, 0.453, -0.24, 1
2985859, -0.266, 2.08, 0.643, 0.533, 0.697, -0.221, 1
2985879, -0.798, 1.893, -0.3, 0.64, 1.002, -0.206, 1
2985899, -0.226, 0.97, -1.182, 0.791, 0.941, -0.232, 1
2985919, -0.261, 0.371, -1.608, 0.525, 0.559, -0.181, 1
2985939, -0.417, 0.866, -1.158, 0.04, 0.211, -0.197, 1
2985959, -0.779, 1.242, -0.654, -0.165, -0.005, -0.178, 1
2985979, -0.676, 1.298, -0.305, -0.026, -0.063, -0.159, 1
2985999, -0.347, 0.458, -0.6, 0.219, -0.119, -0.058, 1
2986019, -0.118, 0.012, -0.78, 0.23, -0.127, -0.014, 1
2986039, 0.475, -0.557, -0.966, 0.149, -0.159, 0.036, 1
2986059, 0.314, -0.637, -1.073, 0.0, -0.155, -0.053, 1
2986079, 0.316, -0.237, -0.539, -0.108, -0.032, -0.13, 1
2986099, 0.06, 0.231, -0.137, -0.067, 0.043, -0.189, 1
2986119, -0.092, 0.215, -0.334, 0.135, -0.004, -0.174, 1
2986139, 0.021, -0.009, -0.54, 0.127, -0.092, -0.081, 1
2986159, 0.074, -0.095, -0.515, -0.057, -0.141, -0.067, 1
2986179, -0.21, 0.175, -0.2, -0.177, -0.141, -0.08, 1
2986199, -0.312, 0.44, 0.186, -0.048, -0.069, -0.048, 1
2986219, -0.193, 0.347, 0.249, 0.074, -0.094, 0.049, 1
2986239, -0.012, -0.173, -0.036, 0.084, -0.213, 0.091, 1
2986259, 0.028, -0.51, -0.343, -0.026, -0.261, 0.094, 1
2986279, 0.17, -0.427, -0.394, -0.127, -0.186, 0.039, 1
2986299, 0.33, -0.234, -0.241, -0.086, -0.108, 0.004, 1
2986319, 0.534, -0.337, -0.039, -0.001, -0.12, -0.003, 1
2986339, 0.468, -0.284, 0.172, -0.02, -0.153, -0.073, 1
2986359, 0.11, -0.177, 0.167, 0.075, -0.193, -0.131, 1
2986379, -0.04, -0.343, -0.104, 0.039, -0.174, -0.093, 1
2986399, -0.08, -0.083, 0.244, 0.084, -0.164, -0.213, 1
2986419, -0.224, 0.435, 0.545, 0.254, -0.111, -0.24, 0
2986439, -0.35, 0.478, 0.111, 0.353, -0.006, -0.174, 0
2986459, 0.144, 0.784, 0.172, 0.429, -0.136, -0.143, 0
2986479, 0.093, 1.074, -0.222, 0.392, -0.238, -0.1, 0
2986499, -0.635, 1.443, -0.815, 0.153, -0.085, -0.141, 0
2986519, -1.047, 2.589, -0.767, -0.036, 0.061, -0.082, 0
2986539, -1.078, 3.316, -0.752, -0.188, 0.084, 0.065, 0
2986559, -0.912, 3.059, -0.761, -0.415, 0.056, 0.222, 0
2986579, -0.454, 2.549, -0.724, -0.607, -0.121, 0.285, 0
2986599, -0.225, 2.084, -0.708, -0.631, -0.236, 0.316, 0
2986619, -0.123, 1.186, -1.148, -0.54, -0.117, 0.379, 0
2986639, 0.129, 0.056, -1.538, -0.526, 0.048, 0.408, 0
2986659, 1.126, -1.017, -1.541, -0.579, -0.042, 0.389, 0
2986679, 1.456, -1.616, -1.265, -0.924, -0.624, 0.263, 0
2986699, 0.002, -0.744, -0.275, -0.963, -0.728, 0.132, 0
2986719, -0.756, -0.804, -0.34, -0.723, -0.235, -0.001, 0
2986739, -0.728, -1.689, -1.295, -0.401, 0.315, 0.287, 0
2986759, 1.271, -3.115, -1.911, -0.498, 0.029, 0.55, 0
2986779, 2.322, -3.705, -1.549, -0.853, -0.588, 0.433, 0
2986799, 0.204, -2.67, -0.627, -0.864, -0.436, 0.26, 0
2986819, -0.667, -2.011, 0.189, -0.536, 0.193, 0.151, 0
2986839, -0.334, -2.314, 0.406, -0.318, 0.185, 0.316, 0
2986859, 0.536, -3.126, 0.368, -0.587, -0.621, 0.493, 0
2986879, -1.305, -2.99, -0.212, -0.56, -0.836, 0.388, 0
2986899, -1.317, -2.885, -0.511, -0.35, -0.258, 0.414, 0
2986919, -0.037, -3.394, -0.609, -0.112, 0.139, 0.431, 0
2986939, 0.508, -3.318, -0.514, -0.177, 0.026, 0.431, 0
2986959, 0.567, -3.301, -0.409, -0.282, -0.287, 0.34, 0
2986979, 0.338, -2.954, -0.208, -0.392, -0.459, 0.169, 0
2986999, 0.104, -2.521, -0.175, -0.4, -0.34, 0.079, 0
2987019, -0.356, -2.044, -0.529, -0.211, -0.139, 0.058, 0
2987039, -0.417, -1.897, -0.831, -0.1, -0.097, 0.23, 0
2987059, 0.039, -1.927, -0.507, -0.112, -0.092, 0.323, 0
2987079, 0.144, -1.99, -0.046, -0.13, -0.155, 0.24, 0
2987099, -0.354, -1.607, 0.316, -0.137, -0.135, 0.129, 0
2987119, -0.375, -1.59, 0.504, -0.054, -0.028, 0.153, 0
2987139, -0.032, -1.592, 0.604, -0.016, -0.029, 0.219, 0
2987159, 0.05, -1.791, 0.647, 0.036, -0.164, 0.193, 0
2987179, -0.463, -1.57, 0.471, -0.007, -0.13, 0.125, 0
2987199, -0.668, -1.475, 0.196, -0.032, 0.092, 0.128, 0
2987219, 0.297, -1.932, -0.112, -0.078, 0.234, 0.188, 0
2987239, 0.804, -2.254, -0.453, -0.218, 0.155, 0.225, 0
2987259, 0.578, -2.649, -0.712, -0.464, 0.183, 0.295, 1
2987279, 0.565, -2.936, -0.898, -0.618, 0.342, 0.389, 1
2987299, 0.917, -2.103, -0.597, -0.583, 0.401, 0.339, 1
2987319, 0.566, -2.558, -1.05, -0.371, 0.135, 0.177, 1
2987339, 0.2, -2.629, -0.891, -0.21, 0.094, 0.0, 1
2987359, -0.469, -1.856, -0.267, 0.011, 0.316, -0.108, 1
2987379, -0.337, -2.47, -0.319, 0.09, 0.288, -0.114, 1
2987399, 0.508, -2.499, -0.346, -0.23, -0.023, -0.129, 1
2987419, 0.198, -2.359, 0.223, -0.461, -0.174, -0.305, 1
2987439, -0.579, -0.903, 0.795, -0.27, 0.084, -0.508, 1
2987459, -0.636, -0.014, 1.041, 0.127, 0.422, -0.425, 1
2987479, -0.052, -0.283, 0.396, 0.095, 0.324, -0.404, 1
2987499, 0.201, 0.665, 0.061, -0.093, 0.035, -0.408, 1
2987519, -0.891, 1.154, -0.089, -0.116, -0.048, -0.364, 1
2987539, -0.798, 0.983, -0.013, 0.05, 0.003, -0.205, 1
2987559, -0.181, 0.986, 0.178, 0.273, 0.19, -0.167, 1
2987579, 0.325, 0.827, -0.11, 0.467, 0.273, -0.23, 1
2987599, -0.33, 0.613, -0.789, 0.365, 0.422, -0.353, 1
2987619, -0.913, 0.818, -0.835, 0.18, 0.631, -0.315, 1
2987639, -0.294, 1.12, -0.604, 0.102, 0.483, -0.25, 1
2987659, -0.677, 1.225, -0.457, 0.104, 0.383, -0.204, 1
2987679, -1.167, 1.248, -0.388, 0.12, 0.545, -0.1, 1
2987699, -1.483, 1.199, -0.067, 0.13, 0.729, -0.078, 1
2987719, -1.476, 1.379, -0.083, 0.094, 0.742, 0.117, 1
2987739, -0.448, 1.496, -0.032, 0.105, 0.486, 0.229, 1
2987759, -0.427, 1.556, -0.101, 0.197, 0.302, 0.344, 1
2987779, -0.043, 1.074, -0.318, 0.293, 0.309, 0.408, 1
2987799, 0.382, 0.496, -0.243, 0.252, 0.469, 0.295, 1
2987819, 0.766, -0.231, -0.469, 0.124, 0.468, 0.162, 1
2987839, 0.563, -0.277, -0.41, -0.019, 0.353, -0.013, 1
2987859, -0.132, 0.227, 0.29, -0.084, 0.328, -0.156, 1
2987879, -0.562, 0.971, 0.545, 0.011, 0.371, -0.184, 1
2987899, -0.436, 0.696, 0.356, 0.135, 0.284, -0.032, 1
2987919, -0.266, -0.08, -0.131, 0.152, 0.003, 0.093, 1
2987939, -0.366, -0.153, -0.067, 0.058, -0.18, 0.156, 1
2987959, -0.299, -0.029, 0.058, 0.081, -0.053, 0.15, 1
2987979, 0.138, -0.282, 0.102, 0.208, 0.103, 0.129, 1
2987999, 0.415, -0.605, -0.062, 0.2, 0.104, 0.122, 1
2988019, 0.323, -0.48, -0.321, 0.103, -0.012, 0.111, 1
2988039, -0.049, -0.428, -0.812, 0.084, -0.114, 0.111, 1
2988059, -0.144, -0.345, -0.882, 0.091, -0.057, 0.079, 1
2988079, 0.062, -0.328, -0.765, 0.108, 0.063, 0.014, 1
2988099, 0.176, -0.177, -0.619, 0.012, 0.109, -0.03, 1
2988119, 0.144, -0.007, -0.446, -0.064, 0.054, -0.036, 1
2988139, 0.005, 0.057, -0.341, -0.032, -0.022, -0.043, 1
2988159, 0.049, 0.027, -0.242, 0.078, -0.074, -0.083, 1
2988179, -0.284, 0.041, -0.156, 0.165, -0.067, -0.15, 1
2988199, -0.082, 0.03, -0.189, 0.215, -0.036, -0.251, 1
2988219, 0.056, 0.218, -0.018, 0.223, 0.014, -0.433, 1
2988239, 0.636, 0.473, 0.358, 0.3, -0.088, -0.38, 1
2988259, 0.38, 0.523, 0.411, 0.428, -0.596, -0.224, 0
2988279, -0.495, 0.353, -0.502, 0.485, -0.681, 0.027, 0
2988299, -0.184, 0.404, -1.28, 0.213, -0.311, -0.025, 0
2988319, -0.316, 0.84, -1.235, 0.115, -0.139, -0.12, 0
2988339, -0.201, 0.658, -1.128, -0.171, -0.113, -0.166, 0
2988359, 0.385, 1.03, -1.074, -0.508, -0.218, -0.043, 0
2988379, -0.164, 0.394, -1.319, -0.954, -0.252, 0.049, 0
2988399, -0.02, 0.911, -1.045, -1.143, -0.218, 0.025, 0
2988419, -0.329, 1.503, -0.478, -0.926, -0.133, 0.054, 0
2988439, -0.062, 0.817, -0.316, -0.789, -0.138, 0.148, 0
2988459, 0.584, 0.071, -0.141, -0.979, -0.347, 0.136, 0
2988479, 0.023, 0.503, 0.257, -0.953, -0.254, 0.047, 0
2988499, -0.222, 0.394, 0.3, -0.728, -0.1, 0.12, 0
2988519, 0.894, -0.728, -0.229, -0.667, -0.533, 0.193, 0
2988539, 0.302, -0.555, -0.369, -0.576, -0.755, 0.262, 0
2988559, -1.474, -0.414, -0.825, -0.35, -0.233, 0.344, 0
2988579, -0.354, -1.695, -1.132, -0.439, 0.011, 0.363, 0
2988599, 0.135, -1.958, -0.361, -0.464, -0.017, 0.45, 0
2988619, 1.102, -2.799, -0.494, -0.491, -0.273, 0.441, 0
2988639, -0.508, -2.578, -0.853, -0.346, -0.069, 0.507, 0
2988659, -1.342, -2.805, -1.288, -0.144, 0.703, 0.609, 0
2988679, 0.788, -4.104, -1.493, -0.28, 0.789, 0.538, 0
2988699, 2.266, -3.858, -0.864, -0.47, -0.121, 0.3, 0
2988719, -0.247, -2.915, -0.448, -0.48, -0.445, 0.251, 0
2988739, -3.486, -1.668, -0.142, -0.04, 0.641, 0.512, 0
2988759, -0.826, -4.109, -1.36, 0.083, 1.333, 0.806, 0
2988779, 4.032, -6.011, -1.384, -0.783, -0.287, 0.032, 0
2988799, -3.506, -3.567, 0.668, -0.382, -0.572, 0.001, 0
2988819, -2.901, -1.963, -0.175, 0.627, 1.158, 0.648, 0
2988839, 4.496, -5.835, -1.852, 0.583, 1.321, 0.836, 0
2988859, 3.062, -4.172, -0.886, -0.489, -0.628, 0.156, 0
2988879, -1.227, -2.237, -0.104, -0.492, -1.014, -0.217, 0
2988899, -2.054, -1.925, -0.277, 0.018, -0.007, 0.038, 0
2988919, -0.457, -2.7, -0.591, 0.354, 0.66, 0.296, 0
2988939, 1.676, -3.82, -0.663, -0.026, 0.187, 0.164, 0
2988959, -0.255, -2.47, 0.516, -0.42, -0.465, -0.108, 0
2988979, -1.233, -1.847, 0.892, -0.143, -0.323, -0.098, 0
2988999, -0.874, -2.23, 0.477, 0.169, 0.036, 0.081, 0
2989019, -0.066, -3.05, -0.12, 0.17, 0.16, 0.116, 0
2989039, 0.324, -2.806, 0.025, -0.155, -0.007, 0.032, 0
2989059, -0.153, -2.368, 0.052, -0.322, -0.149, 0.01, 0
2989079, -0.406, -2.389, -0.238, -0.376, -0.031, 0.17, 1
2989099, -0.089, -2.362, -0.488, -0.409, 0.172, 0.383, 1
2989119, -0.479, -2.993, -1.32, -0.531, 0.194, 0.566, 1
2989139, 0.305, -3.231, -0.891, -0.526, 0.215, 0.499, 1
2989159, 0.899, -3.028, -0.273, -0.441, 0.141, 0.328, 1
2989179, 0.456, -2.816, -0.339, -0.222, 0.073, 0.076, 1
2989199, -0.485, -2.87, -0.823, -0.059, -0.016, -0.062, 1
2989219, -1.125, -2.436, -0.706, 0.072, 0.053, -0.142, 1
2989239, -0.466, -2.319, -0.191, 0.069, 0.131, -0.078, 1
2989259, 0.6, -1.02, 0.436, 0.036, 0.152, -0.167, 1
2989279, 0.753, -0.968, 0.206, 0.263, -0.114, -0.393, 1
2989299, -0.607, -0.702, -0.286, 0.386, 0.015, -0.535, 1
2989319, -1.141, -0.977, -0.697, 0.395, 0.221, -0.407, 1
2989339, -0.105, -1.289, -0.196, 0.023, 0.062, -0.429, 1
2989359, 0.085, -0.457, 0.75, -0.12, -0.167, -0.604, 1
2989379, -0.315, 0.236, 0.974, 0.186, -0.216, -0.561, 1
2989399, -0.952, 0.08, 0.681, 0.373, -0.105, -0.514, 1
2989419, -1.348, 0.38, 0.425, 0.312, 0.213, -0.498, 1
2989439, -0.515, 1.351, 0.549, 0.384, 0.277, -0.415, 1
2989459, -0.486, 1.082, 0.221, 0.485, 0.056, -0.331, 1
2989479, -0.419, 0.348, -0.548, 0.44, 0.004, -0.288, 1
2989499, -0.405, 0.804, -0.472, 0.361, 0.326, -0.305, 1
2989519, 0.041, 0.891, -0.202, 0.338, 0.524, -0.348, 1
2989539, 0.204, 1.062, -0.256, 0.357, 0.478, -0.334, 1
2989559, -0.34, 1.242, -0.525, 0.389, 0.295, -0.263, 1
2989579, -0.525, 1.303, -0.456, 0.397, 0.189, -0.163, 1
2989599, -0.189, 0.631, -0.65, 0.34, 0.092, -0.091, 1
2989619, -0.227, 0.275, -1.12, 0.241, 0.065, -0.054, 1
2989639, -0.552, 0.267, -1.271, 0.125, 0.196, -0.051, 1
2989659, -0.357, 0.355, -0.823, 0.115, 0.395, -0.025, 1
2989679, 0.503, 0.206, -0.293, 0.164, 0.399, -0.057, 1
2989699, 0.301, 0.39, -0.195, 0.16, 0.333, -0.108, 1
2989719, 0.068, 0.526, -0.483, 0.164, 0.24, -0.073, 1
2989739, 0.045, 0.376, -0.685, 0.128, 0.068, -0.05, 1
2989759, -0.137, 0.116, -0.741, 0.1, -0.004, -0.034, 1
2989779, -0.458, -0.198, -0.917, 0.111, 0.226, -0.052, 1
2989799, -0.035, -0.128, -0.632, 0.028, 0.406, -0.047, 1
2989819, 0.295, -0.255, -0.39, -0.117, 0.24, -0.017, 1
2989839, 0.19, -0.103, -0.174, -0.197, -0.051, 0.003, 1
2989859, -0.365, 0.007, -0.183, -0.116, -0.046, 0.025, 1
2989879, 0.0, -0.164, -0.12, 0.009, 0.127, 0.064, 1
2989899, 0.135, -0.395, -0.249, -0.009, 0.153, 0.032, 1
2989919, 0.056, -0.051, -0.121, -0.082, 0.106, 0.005, 1
2989939, -0.151, -0.027, -0.064, -0.093, 0.044, 0.051, 1
2989959, -0.192, -0.076, 0.109, -0.122, 0.086, 0.058, 1
2989979, -0.074, -0.046, 0.278, -0.149, 0.112, 0.034, 1
2989999, -0.166, 0.131, 0.586, -0.081, -0.001, 0.028, 1
2990019, -0.542, 0.551, 0.81, 0.154, -0.166, 0.064, 1
2990039, -0.371, 0.257, 0.242, 0.375, -0.207, 0.136, 1
2990059, -0.357, 0.161, -0.257, 0.346, -0.122, 0.194, 0
2990079, -0.132, 0.398, -0.725, 0.185, 0.025, 0.215, 0
2990099, 0.218, 0.794, -0.43, 0.08, 0.007, 0.229, 0
2990119, 0.266, 0.92, -0.589, -0.051, -0.051, 0.263, 0
2990139, 0.461, 1.218, -0.505, -0.138, -0.081, 0.219, 0
2990159, -0.291, 1.272, -0.456, -0.121, -0.025, 0.18, 0
2990179, -0.007, 0.482, -0.671, -0.216, 0.099, 0.235, 0
2990199, 0.286, 0.274, -0.773, -0.437, 0.065, 0.296, 0
2990219, 0.223, 0.917, -0.312, -0.383, 0.047, 0.318, 0
2990239, -0.489, 0.943, -0.099, 0.078, 0.239, 0.436, 0
2990259, 0.057, -0.257, -0.526, 0.641, 0.632, 0.626, 0
2990279, 2.469, -3.305, -2.2, -0.167, -0.136, 0.547, 0
2990299, 1.588, -3.344, -2.405, -1.019, -0.818, 0.38, 0
2990319, -0.376, -1.859, -1.538, -0.885, -0.638, 0.367, 0
2990339, -1.002, -1.64, -0.873, -0.341, -0.087, 0.493, 0
2990359, -1.613, -1.474, -0.72, 0.181, 0.69, 0.649, 0
2990379, 1.606, -4.562, -1.788, -0.384, 0.48, 0.599, 0
2990399, 2.979, -4.673, -0.936, -1.456, -0.849, 0.191, 0
2990419, -0.422, -1.818, 0.401, -1.233, -0.888, 0.087, 0
2990439, -1.581, -1.202, 0.619, -0.477, -0.187, 0.343, 0
2990459, -0.679, -1.795, 0.616, -0.201, 0.126, 0.503, 0
2990479, 0.343, -3.169, -0.26, -0.568, -0.168, 0.497, 0
2990499, 0.648, -3.105, -0.22, -0.989, -0.778, 0.345, 0
2990519, -0.836, -2.025, 0.157, -0.662, -0.762, 0.361, 0
2990539, -1.579, -2.076, 0.246, -0.036, -0.224, 0.686, 0
2990559, -0.419, -3.513, -0.615, 0.13, 0.13, 0.705, 0
2990579, 0.955, -4.771, -1.567, -0.45, -0.199, 0.554, 0
2990599, 1.034, -4.026, -0.974, -0.726, -0.607, 0.253, 0
2990619, -0.387, -2.949, -0.133, -0.383, -0.411, 0.258, 0
2990639, -0.648, -3.127, -0.275, -0.065, -0.004, 0.299, 0
2990659, -0.196, -3.585, -0.48, -0.042, 0.249, 0.321, 0
2990679, 0.105, -3.335, -0.453, -0.039, 0.34, 0.294, 0
2990699, 0.326, -3.098, -0.181, -0.09, 0.198, 0.164, 0
2990719, -0.134, -2.48, 0.228, -0.105, 0.145, 0.067, 0
2990739, -0.328, -2.18, 0.479, -0.124, 0.266, 0.104, 0
2990759, 0.276, -2.38, 0.339, -0.07, 0.084, 0.118, 0
2990779, -0.108, -1.942, 0.411, -0.132, -0.193, 0.109, 0
2990799, -0.913, -2.011, 0.188, -0.123, -0.094, 0.086, 0
2990819, -0.499, -1.962, 0.175, -0.102, 0.202, 0.147, 0
2990839, 0.311, -2.383, 0.15, -0.053, 0.226, 0.195, 0
2990859, 0.512, -2.468, -0.1, -0.081, 0.122, 0.129, 0
2990879, 0.361, -2.82, -0.519, -0.2, 0.061, 0.087, 0
2990899, 0.022, -2.501, -0.688, -0.385, 0.119, 0.098, 1
2990919, 0.142, -2.525, -0.486, -0.287, 0.244, 0.18, 1
2990939, -0.109, -2.934, -0.818, -0.057, 0.32, 0.238, 1
2990959, 0.759, -3.722, -1.091, 0.088, 0.295, 0.122, 1
2990979, 0.714, -3.656, -1.208, -0.081, 0.135, -0.154, 1
2990999, -0.294, -2.71, -0.939, -0.175, 0.082, -0.364, 1
2991019, -1.08, -2.479, -1.057, 0.058, 0.107, -0.315, 1
2991039, -1.021, -2.693, -0.745, 0.207, 0.251, -0.164, 1
2991059, 0.1, -2.572, 0.095, 0.148, 0.374, -0.172, 1
2991079, 0.701, -2.39, 0.338, 0.042, 0.134, -0.266, 1
2991099, 0.193, -1.403, 0.373, -0.147, -0.145, -0.485, 1
2991119, -0.778, -0.373, 0.431, -0.171, 0.046, -0.545, 1
2991139, -0.52, -0.498, 0.348, 0.0, 0.186, -0.482, 1
2991159, -0.241, -0.372, 0.298, -0.116, -0.033, -0.439, 1
2991179, 0.21, 0.148, 0.446, -0.189, -0.151, -0.472, 1
2991199, -0.008, 0.38, 0.489, -0.186, -0.104, -0.607, 1
2991219, -0.47, 1.176, 0.888, -0.263, 0.167, -0.687, 1
2991239, -0.898, 1.597, 0.586, -0.021, 0.161, -0.54, 1
2991259, -1.145, 1.526, -0.244, 0.145, -0.003, -0.382, 1
2991279, -1.552, 1.083, -1.005, 0.119, 0.094, -0.221, 1
2991299, -1.059, 0.932, -0.96, 0.04, 0.331, -0.167, 1
2991319, -0.847, 0.782, -0.394, -0.064, 0.488, -0.158, 1
2991339, 0.233, 0.497, 0.101, -0.119, 0.29, -0.204, 1
2991359, -0.099, 0.623, 0.32, -0.173, 0.075, -0.271, 1
2991379, -0.601, 1.153, 0.595, -0.005, 0.097, -0.229, 1
2991399, -0.578, 1.175, 0.336, 0.245, 0.165, -0.109, 1
2991419, -0.375, 0.656, -0.198, 0.382, 0.096, 0.02, 1
2991439, -0.131, 0.049, -0.73, 0.25, 0.12, 0.007, 1
2991459, 0.146, 0.038, -0.425, 0.114, 0.243, -0.04, 1
2991479, 0.412, 0.491, -0.008, 0.217, 0.194, -0.081, 1
2991499, 0.151, 0.695, -0.133, 0.394, 0.152, -0.043, 1
2991519, -0.175, 0.71, -0.545, 0.397, 0.175, 0.019, 1
2991539, -0.059, 0.199, -0.941, 0.144, 0.196, -0.002, 1
2991559, -0.044, 0.271, -0.621, -0.032, 0.251, 0.007, 1
2991579, -0.022, 0.723, -0.441, 0.04, 0.212, 0.127, 1
2991599, 0.096, 0.305, -0.33, 0.081, 0.126, 0.193, 1
2991619, 0.363, -0.119, -0.47, 0.085, 0.079, 0.229, 1
2991639, 0.376, -0.619, -0.636, -0.045, 0.106, 0.183, 1
2991659, 0.428, -0.794, -0.628, -0.126, 0.121, 0.108, 1
2991679, 0.25, -0.441, -0.385, -0.079, 0.137, 0.102, 1
2991699, 0.177, -0.542, -0.12, -0.056, 0.094, 0.076, 1
2991719, 0.206, -0.661, -0.182, -0.001, -0.001, 0.062, 1
2991739, 0.063, -1.092, -0.342, -0.061, 0.015, 0.042, 1
2991759, -0.102, -0.515, 0.233, -0.081, 0.047, -0.07, 1
2991779, 0.006, -0.272, 0.63, 0.174, -0.015, -0.134, 1
2991799, -0.183, -0.303, 0.359, 0.367, -0.123, -0.118, 1
2991819, -0.305, -0.42, -0.069, 0.368, -0.097, -0.177, 1
2991839, -0.037, -0.012, -0.446, 0.286, 0.029, -0.254, 0
2991859, -0.071, 1.052, -0.143, 0.383, 0.086, -0.265, 0
2991879, -0.7, 1.778, -0.283, 0.499, -0.015, -0.215, 0
2991899, -0.952, 2.165, -1.01, 0.455, -0.014, -0.176, 0
2991919, -0.794, 2.431, -1.193, 0.254, 0.012, -0.182, 0
2991939, -0.633, 2.247, -1.752, -0.159, -0.104, -0.103, 0
2991959, -0.735, 1.999, -2.097, -0.623, -0.288, 0.0, 0
2991979, -0.676, 2.043, -1.968, -0.987, -0.232, 0.076, 0
2991999, 0.11, 1.837, -1.638, -1.038, -0.147, 0.154, 0
2992019, 0.845, 0.597, -1.704, -1.085, -0.211, 0.211, 0
2992039, 1.259, 0.007, -1.197, -1.106, -0.36, 0.241, 0
2992059, 1.286, -0.831, -0.838, -1.033, -0.624, 0.24, 0
2992079, 0.043, -0.845, -0.956, -1.099, -0.729, 0.13, 0
2992099, -0.109, -0.803, -0.965, -0.984, -0.322, 0.048, 0
2992119, 0.004, -0.936, -0.596, -0.943, -0.127, 0.08, 0
2992139, -0.14, -0.404, 0.098, -0.89, -0.273, 0.135, 0
2992159, -0.293, -0.649, 0.464, -0.684, -0.53, 0.295, 0
2992179, -1.098, -0.519, 0.782, -0.467, -0.599, 0.422, 0
2992199, -1.22, -1.621, 0.33, -0.257, -0.291, 0.572, 0
2992219, -0.661, -1.974, 0.509, -0.211, -0.156, 0.662, 0
2992239, -0.129, -2.049, 0.916, -0.066, -0.551, 0.724, 0
2992259, 0.138, -2.845, 0.715, -0.086, -0.994, 0.7, 0
2992279, -1.735, -3.017, -0.084, 0.07, -0.397, 0.55, 0
2992299, -2.169, -3.09, -0.327, 0.396, 0.615, 0.743, 0
2992319, 1.221, -5.503, -1.414, 0.158, 0.217, 0.756, 0
2992339, 2.661, -5.581, -0.98, -0.474, -1.181, 0.481, 0
2992359, -0.484, -3.59, -0.12, -0.353, -1.204, 0.368, 0
2992379, -2.845, -2.627, -0.107, 0.244, 0.193, 0.582, 0
2992399, -1.784, -2.744, -0.313, 0.756, 1.27, 0.918, 0
2992419, 3.719, -5.75, -1.676, 0.054, 0.196, 0.599, 0
2992439, 2.868, -4.5, -1.198, -0.577, -1.145, 0.114, 0
2992459, -0.733, -2.693, -0.618, -0.422, -0.74, 0.044, 0
2992479, -1.929, -2.137, -0.374, -0.065, 0.365, 0.238, 0
2992499, -0.884, -1.911, -0.159, 0.228, 0.8, 0.441, 0
2992519, 1.295, -3.535, -0.434, 0.006, 0.399, 0.31, 0
2992539, 1.809, -3.433, 0.398, -0.374, -0.251, -0.031, 0
2992559, -0.004, -2.203, 1.148, -0.324, -0.279, -0.173, 0
2992579, -1.384, -1.407, 1.096, -0.056, 0.138, -0.045, 0
2992599, -1.041, -1.319, 0.826, 0.186, 0.385, 0.103, 0
2992619, -0.357, -1.885, 0.436, 0.118, 0.406, 0.127, 0
2992639, 0.333, -1.884, 0.414, -0.081, 0.149, 0.0, 0
2992659, -0.015, -1.549, 0.301, -0.188, 0.039, -0.097, 0
2992679, -0.574, -1.461, -0.213, -0.169, 0.148, -0.059, 0
2992699, -0.814, -1.845, -0.83, -0.235, 0.412, 0.138, 1
2992719, 0.26, -3.261, -0.828, -0.372, 0.691, 0.328, 1
2992739, 1.264, -3.008, -0.581, -0.538, 0.774, 0.424, 1
2992759, 1.298, -2.559, -0.522, -0.425, 0.276, 0.185, 1
2992779, -0.191, -2.478, -1.152, -0.191, -0.118, 0.039, 1
2992799, -1.704, -3.022, -1.632, -0.065, 0.006, 0.014, 1
2992819, -0.855, -2.805, -0.261, -0.213, 0.445, -0.104, 1
2992839, 0.829, -1.563, 1.008, -0.198, 0.673, -0.326, 1
2992859, 0.645, -1.127, 0.902, 0.123, 0.494, -0.483, 1
2992879, -0.926, -0.817, 0.026, 0.457, 0.141, -0.455, 1
2992899, -1.288, -0.91, -0.681, 0.422, 0.037, -0.328, 1
2992919, -0.015, -0.423, -0.674, -0.013, 0.371, -0.372, 1
2992939, -0.006, -0.053, -0.481, -0.298, 0.242, -0.461, 1
2992959, -1.151, 0.902, -0.162, -0.265, 0.129, -0.428, 1
2992979, -0.513, 0.413, 0.314, -0.029, 0.196, -0.242, 1
2992999, 0.28, 0.155, 0.866, -0.072, 0.144, -0.159, 1
2993019, 0.178, 1.353, 0.853, -0.021, 0.125, -0.28, 1
2993039, -0.133, 2.437, 0.225, 0.25, 0.293, -0.263, 1
2993059, -0.556, 2.157, -0.551, 0.579, 0.342, -0.187, 1
2993079, -0.292, 1.789, -1.055, 0.539, 0.374, -0.166, 1
2993099, -0.125, 1.511, -0.927, 0.299, 0.332, -0.094, 1
2993119, -0.081, 1.273, -0.559, 0.205, 0.383, -0.087, 1
2993139, 0.007, 2.013, -0.195, 0.198, 0.469, -0.159, 1
2993159, -0.111, 1.971, -0.26, 0.312, 0.459, -0.163, 1
2993179, -0.404, 1.796, -0.909, 0.267, 0.384, -0.105, 1
2993199, -1.028, 2.058, -1.202, 0.179, 0.351, 0.005, 1
2993219, -1.026, 1.775, -1.294, 0.066, 0.416, 0.128, 1
2993239, -0.294, 1.054, -0.986, -0.039, 0.318, 0.2, 1
2993259, 0.142, 0.562, -0.422, -0.095, 0.238, 0.209, 1
2993279, 0.002, 0.105, -0.094, -0.021, 0.271, 0.158, 1
2993299, 0.051, -0.202, 0.063, 0.044, 0.286, 0.152, 1
2993319, 0.273, -0.598, 0.355, -0.048, 0.23, 0.066, 1
2993339, 0.082, -0.395, 0.673, -0.088, 0.194, 0.02, 1
2993359, -0.332, -0.05, 1.006, -0.019, 0.194, 0.016, 1
2993379, -0.416, 0.351, 1.232, 0.192, 0.164, 0.051, 1
2993399, -0.268, -0.129, 0.794, 0.291, -0.007, 0.067, 1
2993419, -0.202, -0.396, 0.371, 0.215, -0.166, 0.095, 1
2993439, -0.262, -0.371, -0.128, 0.189, -0.188, 0.145, 1
2993459, -0.187, -0.576, -0.547, 0.12, -0.132, 0.142, 1
2993479, -0.138, -0.491, -0.547, 0.12, -0.092, 0.029, 1
2993499, 0.091, -0.205, -0.177, 0.292, -0.142, -0.081, 1
2993519, 0.266, -0.12, -0.315, 0.433, -0.158, -0.139, 1
2993539, 0.075, 0.03, -0.55, 0.399, -0.1, -0.215, 1
2993559, 0.01, 0.278, -0.667, 0.272, -0.083, -0.265, 1
2993579, -0.143, 1.376, -0.389, 0.384, -0.031, -0.206, 1
2993599, -0.162, 1.366, -0.682, 0.364, 0.048, -0.111, 0
2993619, 0.19, 1.297, -1.087, 0.162, 0.015, -0.04, 0
2993639, 0.519, 0.937, -2.171, 0.057, -0.306, 0.052, 0
2993659, 0.033, 0.655, -3.047, -0.067, -0.329, 0.09, 0
2993679, 0.121, 0.414, -3.159, -0.378, 0.127, 0.026, 0
2993699, 0.716, 1.04, -0.819, -0.604, 0.287, -0.034, 0
2993719, 0.295, 1.386, 0.75, -0.797, 0.216, -0.044, 0
2993739, -0.452, 2.306, 2.179, -0.948, 0.127, -0.001, 0
2993759, -0.347, 1.323, 2.023, -0.724, -0.254, 0.192, 0
2993779, -0.819, 0.744, 1.275, -0.539, -0.409, 0.304, 0
2993799, -0.734, 0.016, 0.745, -0.301, -0.204, 0.397, 0
2993819, 0.411, -1.003, 0.423, -0.209, -0.073, 0.419, 0
2993839, -0.047, -1.017, 0.221, -0.337, -0.339, 0.404, 0
2993859, -0.681, -1.274, -0.337, -0.276, -0.423, 0.471, 0
2993879, -0.224, -2.087, -0.962, -0.018, -0.235, 0.554, 0
2993899, -0.054, -2.862, -1.662, 0.089, 0.075, 0.481, 0
2993919, -0.092, -2.789, -1.577, 0.069, 0.35, 0.447, 0
2993939, 0.68, -3.318, -1.154, -0.059, 0.258, 0.551, 0
2993959, 1.4, -3.734, -0.417, -0.426, -0.243, 0.514, 0
2993979, 0.08, -2.978, -0.022, -0.668, -0.697, 0.351, 0
2993999, -1.626, -2.337, -0.136, -0.408, -0.372, 0.299, 0
2994019, -1.301, -2.528, -0.018, 0.164, 0.396, 0.441, 0
2994039, 1.582, -4.394, -0.54, 0.268, 0.553, 0.554, 0
2994059, 1.493, -4.202, -0.38, -0.301, -0.475, 0.367, 0
2994079, -1.068, -2.738, -0.187, -0.491, -0.971, 0.141, 0
2994099, -1.943, -2.406, -0.124, -0.234, -0.259, 0.144, 0
2994119, -0.095, -3.242, -0.09, 0.164, 0.394, 0.307, 0
2994139, 1.905, -4.171, -0.545, 0.165, 0.102, 0.407, 0
2994159, 0.416, -3.837, -0.96, -0.21, -0.557, 0.131, 0
2994179, -0.992, -2.954, -0.635, -0.23, -0.241, 0.038, 0
2994199, -1.087, -2.068, 0.185, -0.051, 0.153, 0.092, 0
2994219, -0.222, -2.261, 0.134, 0.047, 0.059, 0.177, 0
2994239, 0.114, -2.779, -0.178, -0.154, -0.291, 0.136, 0
2994259, -0.775, -2.222, 0.271, -0.201, -0.193, 0.112, 0
2994279, -0.713, -2.161, 0.618, -0.182, 0.087, 0.086, 0
2994299, -0.302, -2.138, 0.582, -0.141, 0.093, 0.076, 0
2994319, -0.354, -2.457, 0.193, -0.131, 0.055, 0.125, 0
2994339, -0.068, -2.45, 0.223, -0.218, 0.091, 0.078, 0
2994359, 0.058, -2.476, 0.26, -0.39, 0.079, 0.084, 1
2994379, -0.132, -2.234, -0.056, -0.539, 0.084, 0.243, 1
2994399, -0.269, -1.814, -0.5, -0.553, 0.086, 0.434, 1
2994419, -0.301, -2.063, -0.625, -0.31, 0.003, 0.423, 1
2994439, -0.108, -2.652, -0.944, -0.19, -0.079, 0.388, 1
2994459, -0.568, -3.685, -1.382, -0.277, -0.042, 0.216, 1
2994479, -1.403, -3.808, -0.93, -0.29, 0.143, 0.02, 1
2994499, -0.583, -2.985, -0.078, -0.143, 0.285, 0.017, 1
2994519, 0.021, -2.961, 0.506, -0.005, 0.309, -0.123, 1
2994539, 0.04, -2.816, 0.383, -0.058, 0.299, -0.362, 1
2994559, -0.37, -1.469, 0.343, -0.081, 0.187, -0.38, 1
2994579, -0.59, -0.674, 0.213, -0.003, 0.042, -0.409, 1
2994599, -0.804, -0.674, 0.237, -0.051, 0.152, -0.513, 1
2994619, -0.6, 0.018, 0.611, -0.023, 0.303, -0.498, 1
2994639, 0.882, 0.488, 0.816, 0.081, 0.107, -0.44, 1
2994659, 1.087, 0.9, -0.618, 0.081, -0.22, -0.48, 1
2994679, -1.013, 1.606, -1.243, 0.175, 0.064, -0.453, 1
2994699, -0.114, 0.617, -1.444, 0.213, 0.34, -0.313, 1
2994719, -0.008, 0.44, -0.993, -0.018, 0.304, -0.332, 1
2994739, 0.162, 1.098, -0.301, -0.145, 0.301, -0.392, 1
2994759, -0.271, 1.355, -0.027, 0.01, 0.26, -0.374, 1
2994779, -0.462, 1.32, -0.339, 0.199, 0.337, -0.344, 1
2994799, -0.789, 1.817, -0.876, 0.285, 0.42, -0.274, 1
2994819, -0.596, 1.408, -1.346, 0.241, 0.429, -0.137, 1
2994839, -0.234, 0.72, -1.326, 0.034, 0.365, 0.031, 1
2994859, 0.092, 0.135, -0.911, -0.148, 0.287, 0.097, 1
2994879, -0.125, 0.159, -0.344, -0.133, 0.335, 0.079, 1
2994899, 0.236, -0.361, -0.186, -0.063, 0.462, 0.03, 1
2994919, 0.264, -0.462, -0.088, -0.119, 0.44, -0.061, 1
2994939, -0.173, 0.113, 0.376, -0.136, 0.463, -0.147, 1
2994959, -0.466, 0.435, 0.522, -0.012, 0.507, -0.16, 1
2994979, -0.479, 0.443, 0.576, 0.125, 0.437, -0.113, 1
2994999, -0.588, 0.394, 0.602, 0.161, 0.28, -0.032, 1
2995019, -0.528, 0.195, 0.524, 0.155, 0.26, 0.043, 1
2995039, -0.196, -0.179, 0.375, 0.124, 0.211, 0.16, 1
2995059, -0.23, 0.036, 0.37, 0.058, 0.103, 0.144, 1
2995079, -0.479, 0.261, 0.268, 0.153, 0.122, 0.103, 1
2995099, 0.003, -0.08, 0.005, 0.248, 0.188, 0.146, 1
2995119, 0.2, -0.11, 0.005, 0.076, 0.044, 0.143, 1
2995139, -0.074, 0.217, 0.126, -0.021, 0.023, 0.14, 1
2995159, 0.224, -0.042, -0.011, 0.026, -0.072, 0.169, 1
2995179, 0.072, -0.053, -0.091, 0.056, -0.123, 0.156, 1
